"seqname","accession","tax_id","tax_name","isType","ok","i","outlier","selected","label"
"S000001207","AJ243791","103621","Actinomyces urogenitalis",TRUE,TRUE,1,FALSE,TRUE,"Actinomyces urogenitalis (103621)"
"S000127864","AJ243893","103621","Actinomyces urogenitalis",FALSE,TRUE,2,FALSE,TRUE,"Actinomyces urogenitalis (103621)"
"S000130223","AJ243894","103621","Actinomyces urogenitalis",FALSE,TRUE,3,FALSE,TRUE,"Actinomyces urogenitalis (103621)"
"4VAG-103","","109790","Lactobacillus jensenii",FALSE,TRUE,5,FALSE,TRUE,"Lactobacillus jensenii (109790)"
"S000389885","AF243143","109790","Lactobacillus jensenii",FALSE,TRUE,8,FALSE,TRUE,"Lactobacillus jensenii (109790)"
"S000389895","AF243153","109790","Lactobacillus jensenii",FALSE,TRUE,9,FALSE,TRUE,"Lactobacillus jensenii (109790)"
"S000389897","AF243155","109790","Lactobacillus jensenii",FALSE,TRUE,10,FALSE,TRUE,"Lactobacillus jensenii (109790)"
"S000389901","AF243159","109790","Lactobacillus jensenii",FALSE,TRUE,11,FALSE,TRUE,"Lactobacillus jensenii (109790)"
"S000389903","AF243161","109790","Lactobacillus jensenii",FALSE,TRUE,12,FALSE,TRUE,"Lactobacillus jensenii (109790)"
"S000389904","AF243162","109790","Lactobacillus jensenii",FALSE,TRUE,13,FALSE,TRUE,"Lactobacillus jensenii (109790)"
"S000389918","AF243176","109790","Lactobacillus jensenii",TRUE,TRUE,14,FALSE,TRUE,"Lactobacillus jensenii (109790)"
"S001096707","EU559597","109790","Lactobacillus jensenii",FALSE,TRUE,15,FALSE,TRUE,"Lactobacillus jensenii (109790)"
"S001096711","EU559601","109790","Lactobacillus jensenii",FALSE,TRUE,16,FALSE,TRUE,"Lactobacillus jensenii (109790)"
"S000380997","S67831","1249","Weissella paramesenteroides",FALSE,TRUE,17,FALSE,TRUE,"Weissella paramesenteroides (1249)"
"S001329007","FJ654451","1249","Weissella paramesenteroides",FALSE,TRUE,23,FALSE,TRUE,"Weissella paramesenteroides (1249)"
"S001329008","FJ654452","1249","Weissella paramesenteroides",FALSE,TRUE,24,FALSE,TRUE,"Weissella paramesenteroides (1249)"
"S001329014","FJ654458","1249","Weissella paramesenteroides",FALSE,TRUE,26,FALSE,TRUE,"Weissella paramesenteroides (1249)"
"S001329015","FJ654459","1249","Weissella paramesenteroides",FALSE,TRUE,27,FALSE,TRUE,"Weissella paramesenteroides (1249)"
"S000382416","AB018214","1254","Pediococcus acidilactici",FALSE,TRUE,33,FALSE,TRUE,"Pediococcus acidilactici (1254)"
"S000430950","AF515229","1254","Pediococcus acidilactici",FALSE,TRUE,34,FALSE,TRUE,"Pediococcus acidilactici (1254)"
"S000927955","EU147315","1254","Pediococcus acidilactici",FALSE,TRUE,37,FALSE,TRUE,"Pediococcus acidilactici (1254)"
"S001044479","EU180608","1254","Pediococcus acidilactici",FALSE,TRUE,38,FALSE,TRUE,"Pediococcus acidilactici (1254)"
"S001292769","FJ360445","1254","Pediococcus acidilactici",FALSE,TRUE,39,FALSE,TRUE,"Pediococcus acidilactici (1254)"
"S000995195","D14152","1258","Peptoniphilus asaccharolyticus",FALSE,TRUE,48,FALSE,TRUE,"Peptoniphilus asaccharolyticus (1258)"
"S000432294","AF542228","1258","Peptoniphilus asaccharolyticus",FALSE,TRUE,49,FALSE,TRUE,"Peptoniphilus asaccharolyticus (1258)"
"S000768890","DQ986463","1258","Peptoniphilus asaccharolyticus",FALSE,TRUE,50,FALSE,TRUE,"Peptoniphilus asaccharolyticus (1258)"
"S000995188","D14145","1258","Peptoniphilus asaccharolyticus",FALSE,TRUE,51,FALSE,TRUE,"Peptoniphilus asaccharolyticus (1258)"
"S000319464","AB109770","1260","Finegoldia magna",FALSE,TRUE,53,FALSE,TRUE,"Finegoldia magna (1260)"
"S000319466","AB109771","1260","Finegoldia magna",FALSE,TRUE,54,FALSE,TRUE,"Finegoldia magna (1260)"
"S000334747","AB109772","1260","Finegoldia magna",FALSE,TRUE,55,FALSE,TRUE,"Finegoldia magna (1260)"
"S000399515","AY169413","1260","Finegoldia magna",FALSE,TRUE,56,FALSE,TRUE,"Finegoldia magna (1260)"
"S000432293","AF542227","1260","Finegoldia magna",FALSE,TRUE,57,FALSE,TRUE,"Finegoldia magna (1260)"
"S000140702","AY326462","1261","Peptostreptococcus anaerobius",FALSE,TRUE,58,FALSE,TRUE,"Peptostreptococcus anaerobius (1261)"
"S000414263","L04168","1261","Peptostreptococcus anaerobius",FALSE,TRUE,59,FALSE,TRUE,"Peptostreptococcus anaerobius (1261)"
"S000010068","X70648","1280","Staphylococcus aureus",FALSE,TRUE,62,FALSE,TRUE,"Staphylococcus aureus (1280)"
"S000750660","DQ997832","1280","Staphylococcus aureus",FALSE,TRUE,72,FALSE,TRUE,"Staphylococcus aureus (1280)"
"S001095993","EU515208","1280","Staphylococcus aureus",FALSE,TRUE,79,FALSE,TRUE,"Staphylococcus aureus (1280)"
"S001241993","FJ434467","1280","Staphylococcus aureus",FALSE,TRUE,85,FALSE,TRUE,"Staphylococcus aureus (1280)"
"S001589119","GQ389795","1280","Staphylococcus aureus",FALSE,TRUE,91,FALSE,TRUE,"Staphylococcus aureus (1280)"
"2VAG-69","","1282","Staphylococcus epidermidis",FALSE,TRUE,93,FALSE,TRUE,"Staphylococcus epidermidis (1282)"
"S000942605","EU128487","1282","Staphylococcus epidermidis",FALSE,TRUE,133,FALSE,TRUE,"Staphylococcus epidermidis (1282)"
"S000995921","EU379268","1282","Staphylococcus epidermidis",FALSE,TRUE,136,FALSE,TRUE,"Staphylococcus epidermidis (1282)"
"S001098782","EU652069","1282","Staphylococcus epidermidis",FALSE,TRUE,145,FALSE,TRUE,"Staphylococcus epidermidis (1282)"
"S001154131","EU834242","1282","Staphylococcus epidermidis",FALSE,TRUE,149,FALSE,TRUE,"Staphylococcus epidermidis (1282)"
"S000413968","D83367","1283","Staphylococcus haemolyticus",TRUE,TRUE,188,FALSE,TRUE,"Staphylococcus haemolyticus (1283)"
"S000995957","EU379304","1283","Staphylococcus haemolyticus",FALSE,TRUE,194,FALSE,TRUE,"Staphylococcus haemolyticus (1283)"
"S001096634","EU554432","1283","Staphylococcus haemolyticus",FALSE,TRUE,195,FALSE,TRUE,"Staphylococcus haemolyticus (1283)"
"S001418808","FN393803","1283","Staphylococcus haemolyticus",FALSE,TRUE,204,FALSE,TRUE,"Staphylococcus haemolyticus (1283)"
"S001575023","FJ999931","1283","Staphylococcus haemolyticus",FALSE,TRUE,206,FALSE,TRUE,"Staphylococcus haemolyticus (1283)"
"S000414715","L37601","1290","Staphylococcus hominis",TRUE,TRUE,209,FALSE,TRUE,"Staphylococcus hominis (1290)"
"S000438936","AY167805","1290","Staphylococcus hominis",FALSE,TRUE,211,FALSE,TRUE,"Staphylococcus hominis (1290)"
"S000842583","DQ870747","1290","Staphylococcus hominis",FALSE,TRUE,214,FALSE,TRUE,"Staphylococcus hominis (1290)"
"S000926543","EU071618","1290","Staphylococcus hominis",FALSE,TRUE,216,FALSE,TRUE,"Staphylococcus hominis (1290)"
"S000995949","EU379296","1290","Staphylococcus hominis",FALSE,TRUE,222,FALSE,TRUE,"Staphylococcus hominis (1290)"
"S000414717","L37603","1292","Staphylococcus warneri",TRUE,TRUE,233,FALSE,TRUE,"Staphylococcus warneri (1292)"
"S001588028","EU373515","1292","Staphylococcus warneri",FALSE,TRUE,234,FALSE,TRUE,"Staphylococcus warneri (1292)"
"S000386904","AF003932","1303","Streptococcus oralis",FALSE,TRUE,235,FALSE,TRUE,"Streptococcus oralis (1303)"
"S000405655","AY281080","1303","Streptococcus oralis",FALSE,TRUE,237,FALSE,TRUE,"Streptococcus oralis (1303)"
"S000901720","AB355617","1303","Streptococcus oralis",FALSE,TRUE,243,FALSE,TRUE,"Streptococcus oralis (1303)"
"S001744699","GU045381","1303","Streptococcus oralis",FALSE,TRUE,250,FALSE,TRUE,"Streptococcus oralis (1303)"
"S001744700","GU045382","1303","Streptococcus oralis",FALSE,TRUE,251,FALSE,TRUE,"Streptococcus oralis (1303)"
"S000394499","AF459433","1304","Streptococcus salivarius",FALSE,TRUE,255,FALSE,TRUE,"Streptococcus salivarius (1304)"
"S000617861","AM157419","1304","Streptococcus salivarius",FALSE,TRUE,257,FALSE,TRUE,"Streptococcus salivarius (1304)"
"S000617893","AM157451","1304","Streptococcus salivarius",FALSE,TRUE,258,FALSE,TRUE,"Streptococcus salivarius (1304)"
"S000843228","EF463056","1304","Streptococcus salivarius",FALSE,TRUE,259,FALSE,TRUE,"Streptococcus salivarius (1304)"
"S000843231","EF463059","1304","Streptococcus salivarius",FALSE,TRUE,260,FALSE,TRUE,"Streptococcus salivarius (1304)"
"S000381692","AB002524","1305","Streptococcus sanguinis",FALSE,TRUE,268,FALSE,TRUE,"Streptococcus sanguinis (1305)"
"S000386900","AF003928","1305","Streptococcus sanguinis",TRUE,TRUE,269,FALSE,TRUE,"Streptococcus sanguinis (1305)"
"S000432314","AF543281","1305","Streptococcus sanguinis",FALSE,TRUE,272,FALSE,TRUE,"Streptococcus sanguinis (1305)"
"S000432323","AF543290","1305","Streptococcus sanguinis",FALSE,TRUE,273,FALSE,TRUE,"Streptococcus sanguinis (1305)"
"S001613824","GQ995676","1305","Streptococcus sanguinis",FALSE,TRUE,277,FALSE,TRUE,"Streptococcus sanguinis (1305)"
"S000379916","AY691526","1309","Streptococcus mutans",FALSE,TRUE,283,FALSE,TRUE,"Streptococcus mutans (1309)"
"S000379919","AY691529","1309","Streptococcus mutans",FALSE,TRUE,286,FALSE,TRUE,"Streptococcus mutans (1309)"
"S000711877","DQ303189","1309","Streptococcus mutans",FALSE,TRUE,296,FALSE,TRUE,"Streptococcus mutans (1309)"
"S000712811","DQ677755","1309","Streptococcus mutans",FALSE,TRUE,334,FALSE,TRUE,"Streptococcus mutans (1309)"
"S000712843","DQ677787","1309","Streptococcus mutans",FALSE,TRUE,358,FALSE,TRUE,"Streptococcus mutans (1309)"
"S000011437","AB023574","1311","Streptococcus agalactiae",FALSE,TRUE,361,FALSE,TRUE,"Streptococcus agalactiae (1311)"
"S000381647","AB002479","1311","Streptococcus agalactiae",TRUE,TRUE,362,TRUE,TRUE,"Streptococcus agalactiae (1311)"
"S000496330","AB175037","1311","Streptococcus agalactiae",FALSE,TRUE,366,FALSE,TRUE,"Streptococcus agalactiae (1311)"
"S000926647","EU075069","1311","Streptococcus agalactiae",FALSE,TRUE,372,FALSE,TRUE,"Streptococcus agalactiae (1311)"
"S001098382","EU622516","1311","Streptococcus agalactiae",FALSE,TRUE,373,FALSE,TRUE,"Streptococcus agalactiae (1311)"
"S000006177","X78719","131110","Actinomyces radingae",TRUE,TRUE,374,FALSE,TRUE,"Actinomyces radingae (131110)"
"S000386905","AF003933","1318","Streptococcus parasanguinis",TRUE,TRUE,376,FALSE,TRUE,"Streptococcus parasanguinis (1318)"
"S000427359","AB006127","1318","Streptococcus parasanguinis",FALSE,TRUE,380,FALSE,TRUE,"Streptococcus parasanguinis (1318)"
"S000432332","AF543299","1318","Streptococcus parasanguinis",FALSE,TRUE,381,FALSE,TRUE,"Streptococcus parasanguinis (1318)"
"S000617863","AM157421","1318","Streptococcus parasanguinis",FALSE,TRUE,382,FALSE,TRUE,"Streptococcus parasanguinis (1318)"
"S000617883","AM157441","1318","Streptococcus parasanguinis",FALSE,TRUE,383,FALSE,TRUE,"Streptococcus parasanguinis (1318)"
"S000381772","AB006120","1328","Streptococcus anginosus",FALSE,TRUE,391,FALSE,TRUE,"Streptococcus anginosus (1328)"
"S000388118","AF145243","1328","Streptococcus anginosus",FALSE,TRUE,394,FALSE,TRUE,"Streptococcus anginosus (1328)"
"S000388120","AF145245","1328","Streptococcus anginosus",FALSE,TRUE,396,FALSE,TRUE,"Streptococcus anginosus (1328)"
"S000527987","AY986761","1328","Streptococcus anginosus",FALSE,TRUE,400,FALSE,TRUE,"Streptococcus anginosus (1328)"
"S000901717","AB355614","1328","Streptococcus anginosus",FALSE,TRUE,412,FALSE,TRUE,"Streptococcus anginosus (1328)"
"S000009737","AJ301607","1335","Streptococcus equinus",FALSE,TRUE,413,FALSE,TRUE,"Streptococcus equinus (1335)"
"S000055244","AJ305257","1335","Streptococcus equinus",FALSE,TRUE,414,FALSE,TRUE,"Streptococcus equinus (1335)"
"S000381682","AB002514","1335","Streptococcus equinus",FALSE,TRUE,415,FALSE,TRUE,"Streptococcus equinus (1335)"
"S000750180","DQ232522","1335","Streptococcus equinus",FALSE,TRUE,418,FALSE,TRUE,"Streptococcus equinus (1335)"
"S001019987","EU419602","1335","Streptococcus equinus",FALSE,TRUE,420,FALSE,TRUE,"Streptococcus equinus (1335)"
"S000428921","AF104671","1338","Streptococcus intermedius",TRUE,TRUE,421,FALSE,TRUE,"Streptococcus intermedius (1338)"
"S000428922","AF104672","1338","Streptococcus intermedius",FALSE,TRUE,422,FALSE,TRUE,"Streptococcus intermedius (1338)"
"S000428923","AF104673","1338","Streptococcus intermedius",FALSE,TRUE,423,FALSE,TRUE,"Streptococcus intermedius (1338)"
"S000428924","AF104674","1338","Streptococcus intermedius",FALSE,TRUE,424,FALSE,TRUE,"Streptococcus intermedius (1338)"
"S000428925","AF104675","1338","Streptococcus intermedius",FALSE,TRUE,425,FALSE,TRUE,"Streptococcus intermedius (1338)"
"127F-65","","134821","Ureaplasma parvum",FALSE,TRUE,426,FALSE,TRUE,"Ureaplasma parvum (134821)"
"2VAG-53","","134821","Ureaplasma parvum",FALSE,TRUE,427,FALSE,TRUE,"Ureaplasma parvum (134821)"
"S000485949","AY550919","1351","Enterococcus faecalis",FALSE,TRUE,441,FALSE,TRUE,"Enterococcus faecalis (1351)"
"S001199591","FJ378699","1351","Enterococcus faecalis",FALSE,TRUE,478,FALSE,TRUE,"Enterococcus faecalis (1351)"
"S001418737","FN377815","1351","Enterococcus faecalis",FALSE,TRUE,498,FALSE,TRUE,"Enterococcus faecalis (1351)"
"S001418742","FN377820","1351","Enterococcus faecalis",FALSE,TRUE,499,FALSE,TRUE,"Enterococcus faecalis (1351)"
"S001575791","GQ202631","1351","Enterococcus faecalis",FALSE,TRUE,502,FALSE,TRUE,"Enterococcus faecalis (1351)"
"S000014252","AJ276355","1352","Enterococcus faecium",TRUE,TRUE,511,FALSE,TRUE,"Enterococcus faecium (1352)"
"S000531199","AJ874342","1352","Enterococcus faecium",FALSE,TRUE,525,FALSE,TRUE,"Enterococcus faecium (1352)"
"S000591317","AB236695","1352","Enterococcus faecium",FALSE,TRUE,527,FALSE,TRUE,"Enterococcus faecium (1352)"
"S000651464","DQ411813","1352","Enterococcus faecium",FALSE,TRUE,530,FALSE,TRUE,"Enterococcus faecium (1352)"
"S001352453","FJ845008","1352","Enterococcus faecium",FALSE,TRUE,592,FALSE,TRUE,"Enterococcus faecium (1352)"
"123F-92","","1375","Aerococcus",FALSE,TRUE,605,FALSE,TRUE,"Aerococcus (1375)"
"127B-31","","1375","Aerococcus",FALSE,TRUE,606,FALSE,TRUE,"Aerococcus (1375)"
"141B-19","","1375","Aerococcus",FALSE,TRUE,607,FALSE,TRUE,"Aerococcus (1375)"
"8BV-12","","1375","Aerococcus",FALSE,TRUE,608,FALSE,TRUE,"Aerococcus (1375)"
"S000574979","AY707773","1377","Aerococcus viridans",FALSE,TRUE,609,FALSE,TRUE,"Aerococcus viridans (1377)"
"S000574981","AY707775","1377","Aerococcus viridans",FALSE,TRUE,610,FALSE,TRUE,"Aerococcus viridans (1377)"
"S000574983","AY707777","1377","Aerococcus viridans",FALSE,TRUE,611,FALSE,TRUE,"Aerococcus viridans (1377)"
"S000574988","AY707782","1377","Aerococcus viridans",FALSE,TRUE,612,FALSE,TRUE,"Aerococcus viridans (1377)"
"S000926617","EU075039","1377","Aerococcus viridans",FALSE,TRUE,613,FALSE,TRUE,"Aerococcus viridans (1377)"
"1BV-48","","1378","Gemella",FALSE,TRUE,616,FALSE,TRUE,"Gemella (1378)"
"1BVBACT-1","","1378","Gemella",FALSE,TRUE,617,FALSE,TRUE,"Gemella (1378)"
"3001-189R-5","","1378","Gemella",FALSE,TRUE,618,FALSE,TRUE,"Gemella (1378)"
"123B-2-F","","1378","Gemella",FALSE,TRUE,619,FALSE,TRUE,"Gemella (1378)"
"S000004268","X67148","1381","Atopobium minutum",FALSE,TRUE,620,FALSE,TRUE,"Atopobium minutum (1381)"
"S000380958","S44205","1383","Atopobium rimae",FALSE,TRUE,621,FALSE,TRUE,"Atopobium rimae (1383)"
"S000390775","AF292371","1383","Atopobium rimae",TRUE,TRUE,622,FALSE,TRUE,"Atopobium rimae (1383)"
"S001154076","EU828366","1383","Atopobium rimae",FALSE,TRUE,623,FALSE,TRUE,"Atopobium rimae (1383)"
"112B-13","","147802","Lactobacillus iners",FALSE,TRUE,624,FALSE,TRUE,"Lactobacillus iners (147802)"
"123F2-47","","147802","Lactobacillus iners",FALSE,TRUE,627,FALSE,TRUE,"Lactobacillus iners (147802)"
"141B-23","","147802","Lactobacillus iners",FALSE,TRUE,630,FALSE,TRUE,"Lactobacillus iners (147802)"
"258B-86","","147802","Lactobacillus iners",FALSE,TRUE,633,FALSE,TRUE,"Lactobacillus iners (147802)"
"27VAG-2","","147802","Lactobacillus iners",FALSE,TRUE,636,FALSE,TRUE,"Lactobacillus iners (147802)"
"4BVB-52","","147802","Lactobacillus iners",FALSE,TRUE,637,FALSE,TRUE,"Lactobacillus iners (147802)"
"4VAG-1","","147802","Lactobacillus iners",FALSE,TRUE,640,FALSE,TRUE,"Lactobacillus iners (147802)"
"5BV-63","","147802","Lactobacillus iners",FALSE,TRUE,642,FALSE,TRUE,"Lactobacillus iners (147802)"
"5VAG-3","","147802","Lactobacillus iners",FALSE,TRUE,647,FALSE,TRUE,"Lactobacillus iners (147802)"
"6BV-7","","147802","Lactobacillus iners",FALSE,TRUE,648,FALSE,TRUE,"Lactobacillus iners (147802)"
"5VAG-39","","1485_1","Clostridium sp. type 1",FALSE,TRUE,654,FALSE,TRUE,"Clostridium sp. type 1 (1485_1)"
"S000008152","AJ272201","1582","Lactobacillus casei",FALSE,TRUE,657,FALSE,TRUE,"Lactobacillus casei (1582)"
"S000125671","AJ558112","1582","Lactobacillus casei",FALSE,TRUE,663,FALSE,TRUE,"Lactobacillus casei (1582)"
"S000351193","AF526388","1582","Lactobacillus casei",FALSE,TRUE,664,FALSE,TRUE,"Lactobacillus casei (1582)"
"S000380222","AY699577","1582","Lactobacillus casei",FALSE,TRUE,665,FALSE,TRUE,"Lactobacillus casei (1582)"
"S000444200","AY773945","1582","Lactobacillus casei",FALSE,TRUE,670,FALSE,TRUE,"Lactobacillus casei (1582)"
"S001153626","EU789398","1582","Lactobacillus casei",FALSE,TRUE,679,FALSE,TRUE,"Lactobacillus casei (1582)"
"S001330005","FJ749569","1582","Lactobacillus casei",FALSE,TRUE,685,FALSE,TRUE,"Lactobacillus casei (1582)"
"S001330007","FJ749571","1582","Lactobacillus casei",FALSE,TRUE,686,FALSE,TRUE,"Lactobacillus casei (1582)"
"S001550593","GQ131152","1582","Lactobacillus casei",FALSE,TRUE,695,FALSE,TRUE,"Lactobacillus casei (1582)"
"S001577206","GQ289393","1582","Lactobacillus casei",FALSE,TRUE,701,FALSE,TRUE,"Lactobacillus casei (1582)"
"1VAG-89","","1587","Lactobacillus helveticus",FALSE,TRUE,708,FALSE,TRUE,"Lactobacillus helveticus (1587)"
"S000608874","AM113779","1587","Lactobacillus helveticus",TRUE,TRUE,710,FALSE,TRUE,"Lactobacillus helveticus (1587)"
"S000942615","EU130905","1587","Lactobacillus helveticus",FALSE,TRUE,717,FALSE,TRUE,"Lactobacillus helveticus (1587)"
"S001099337","EU688979","1587","Lactobacillus helveticus",FALSE,TRUE,728,FALSE,TRUE,"Lactobacillus helveticus (1587)"
"S001329806","FJ749370","1587","Lactobacillus helveticus",FALSE,TRUE,735,FALSE,TRUE,"Lactobacillus helveticus (1587)"
"S001329877","FJ749441","1587","Lactobacillus helveticus",FALSE,TRUE,749,FALSE,TRUE,"Lactobacillus helveticus (1587)"
"S001329887","FJ749451","1587","Lactobacillus helveticus",FALSE,TRUE,753,FALSE,TRUE,"Lactobacillus helveticus (1587)"
"S001352681","FJ861100","1587","Lactobacillus helveticus",FALSE,TRUE,803,FALSE,TRUE,"Lactobacillus helveticus (1587)"
"S001352689","FJ861108","1587","Lactobacillus helveticus",FALSE,TRUE,808,FALSE,TRUE,"Lactobacillus helveticus (1587)"
"S001418075","FJ915670","1587","Lactobacillus helveticus",FALSE,TRUE,816,FALSE,TRUE,"Lactobacillus helveticus (1587)"
"2VAG-70","","1596","Lactobacillus gasseri",FALSE,TRUE,832,FALSE,TRUE,"Lactobacillus gasseri (1596)"
"5VAG-42","","1596","Lactobacillus gasseri",FALSE,TRUE,833,FALSE,TRUE,"Lactobacillus gasseri (1596)"
"S000389884","AF243142","1596","Lactobacillus gasseri",FALSE,TRUE,835,FALSE,TRUE,"Lactobacillus gasseri (1596)"
"S000389893","AF243151","1596","Lactobacillus gasseri",FALSE,TRUE,837,FALSE,TRUE,"Lactobacillus gasseri (1596)"
"S000389899","AF243157","1596","Lactobacillus gasseri",FALSE,TRUE,839,FALSE,TRUE,"Lactobacillus gasseri (1596)"
"S000425270","AY730721","1596","Lactobacillus gasseri",FALSE,TRUE,842,FALSE,TRUE,"Lactobacillus gasseri (1596)"
"S000436411","M58820","1596","Lactobacillus gasseri",TRUE,TRUE,843,FALSE,TRUE,"Lactobacillus gasseri (1596)"
"S000843157","EF460495","1596","Lactobacillus gasseri",FALSE,TRUE,844,FALSE,TRUE,"Lactobacillus gasseri (1596)"
"S000978737","AB008209","1596","Lactobacillus gasseri",FALSE,TRUE,846,FALSE,TRUE,"Lactobacillus gasseri (1596)"
"S001587466","AB517146","1596","Lactobacillus gasseri",FALSE,TRUE,847,FALSE,TRUE,"Lactobacillus gasseri (1596)"
"S000263425","AJ575812","1613","Lactobacillus fermentum",TRUE,TRUE,850,FALSE,TRUE,"Lactobacillus fermentum (1613)"
"S000431102","AF522394","1613","Lactobacillus fermentum",FALSE,TRUE,855,FALSE,TRUE,"Lactobacillus fermentum (1613)"
"S000551045","AY929279","1613","Lactobacillus fermentum",FALSE,TRUE,857,FALSE,TRUE,"Lactobacillus fermentum (1613)"
"S000843158","EF460496","1613","Lactobacillus fermentum",FALSE,TRUE,870,FALSE,TRUE,"Lactobacillus fermentum (1613)"
"S000859966","EF535257","1613","Lactobacillus fermentum",FALSE,TRUE,871,FALSE,TRUE,"Lactobacillus fermentum (1613)"
"S000942618","EU130908","1613","Lactobacillus fermentum",FALSE,TRUE,884,FALSE,TRUE,"Lactobacillus fermentum (1613)"
"S000965607","EF113959","1613","Lactobacillus fermentum",FALSE,TRUE,886,FALSE,TRUE,"Lactobacillus fermentum (1613)"
"S000965610","EF113962","1613","Lactobacillus fermentum",FALSE,TRUE,889,FALSE,TRUE,"Lactobacillus fermentum (1613)"
"S001240622","EU547298","1613","Lactobacillus fermentum",FALSE,TRUE,913,FALSE,TRUE,"Lactobacillus fermentum (1613)"
"S001352676","FJ861095","1613","Lactobacillus fermentum",FALSE,TRUE,943,FALSE,TRUE,"Lactobacillus fermentum (1613)"
"123B-21","","162289","Peptoniphilus",FALSE,TRUE,965,FALSE,TRUE,"Peptoniphilus (162289)"
"2BV-14","","162289","Peptoniphilus",FALSE,TRUE,966,FALSE,TRUE,"Peptoniphilus (162289)"
"3001-189R-13","","162289","Peptoniphilus",FALSE,TRUE,967,FALSE,TRUE,"Peptoniphilus (162289)"
"123B-75-F","","162289","Peptoniphilus",FALSE,TRUE,968,FALSE,TRUE,"Peptoniphilus (162289)"
"S000824738","EF412986","1624","Lactobacillus salivarius",FALSE,TRUE,977,FALSE,TRUE,"Lactobacillus salivarius (1624)"
"S000927167","EU099039","1624","Lactobacillus salivarius",FALSE,TRUE,984,FALSE,TRUE,"Lactobacillus salivarius (1624)"
"S001098504","EU626024","1624","Lactobacillus salivarius",FALSE,TRUE,989,FALSE,TRUE,"Lactobacillus salivarius (1624)"
"S001152215","AY112743","1624","Lactobacillus salivarius",FALSE,TRUE,990,FALSE,TRUE,"Lactobacillus salivarius (1624)"
"S001168699","AF089108","1624","Lactobacillus salivarius",TRUE,TRUE,991,FALSE,TRUE,"Lactobacillus salivarius (1624)"
"S001611249","FJ751782","1624","Lactobacillus salivarius",FALSE,TRUE,997,FALSE,TRUE,"Lactobacillus salivarius (1624)"
"S001611250","FJ751783","1624","Lactobacillus salivarius",FALSE,TRUE,998,FALSE,TRUE,"Lactobacillus salivarius (1624)"
"S001611251","FJ751784","1624","Lactobacillus salivarius",FALSE,TRUE,999,FALSE,TRUE,"Lactobacillus salivarius (1624)"
"S001611252","FJ751785","1624","Lactobacillus salivarius",FALSE,TRUE,1000,FALSE,TRUE,"Lactobacillus salivarius (1624)"
"S001611254","FJ751787","1624","Lactobacillus salivarius",FALSE,TRUE,1001,FALSE,TRUE,"Lactobacillus salivarius (1624)"
"127F-70","","1633","Lactobacillus vaginalis",FALSE,TRUE,1002,FALSE,TRUE,"Lactobacillus vaginalis (1633)"
"4VAG-18","","1633","Lactobacillus vaginalis",FALSE,TRUE,1003,FALSE,TRUE,"Lactobacillus vaginalis (1633)"
"S000389896","AF243154","1633","Lactobacillus vaginalis",FALSE,TRUE,1004,FALSE,TRUE,"Lactobacillus vaginalis (1633)"
"S000389919","AF243177","1633","Lactobacillus vaginalis",FALSE,TRUE,1005,FALSE,TRUE,"Lactobacillus vaginalis (1633)"
"S000542976","AB158767","1633","Lactobacillus vaginalis",FALSE,TRUE,1006,FALSE,TRUE,"Lactobacillus vaginalis (1633)"
"S000542977","AB158768","1633","Lactobacillus vaginalis",FALSE,TRUE,1007,FALSE,TRUE,"Lactobacillus vaginalis (1633)"
"S000843159","EF460497","1633","Lactobacillus vaginalis",FALSE,TRUE,1008,FALSE,TRUE,"Lactobacillus vaginalis (1633)"
"S001240626","EU547302","1633","Lactobacillus vaginalis",FALSE,TRUE,1009,FALSE,TRUE,"Lactobacillus vaginalis (1633)"
"S001240636","EU547312","1633","Lactobacillus vaginalis",FALSE,TRUE,1010,FALSE,TRUE,"Lactobacillus vaginalis (1633)"
"S001589388","GQ422709","1633","Lactobacillus vaginalis",FALSE,TRUE,1011,FALSE,TRUE,"Lactobacillus vaginalis (1633)"
"S000380060","AY694148","1681","Bifidobacterium bifidum",FALSE,TRUE,1012,FALSE,TRUE,"Bifidobacterium bifidum (1681)"
"S000776819","EF190988","1681","Bifidobacterium bifidum",FALSE,TRUE,1014,FALSE,TRUE,"Bifidobacterium bifidum (1681)"
"S000806299","EF370998","1681","Bifidobacterium bifidum",FALSE,TRUE,1015,FALSE,TRUE,"Bifidobacterium bifidum (1681)"
"S000871436","EF589113","1681","Bifidobacterium bifidum",FALSE,TRUE,1016,FALSE,TRUE,"Bifidobacterium bifidum (1681)"
"S001093709","AB437356","1681","Bifidobacterium bifidum",FALSE,TRUE,1017,FALSE,TRUE,"Bifidobacterium bifidum (1681)"
"S000381784","AB006658","1685","Bifidobacterium breve",FALSE,TRUE,1026,FALSE,TRUE,"Bifidobacterium breve (1685)"
"S000399794","AY172656","1685","Bifidobacterium breve",FALSE,TRUE,1027,FALSE,TRUE,"Bifidobacterium breve (1685)"
"S000399795","AY172657","1685","Bifidobacterium breve",FALSE,TRUE,1028,FALSE,TRUE,"Bifidobacterium breve (1685)"
"S000405012","AY267190","1685","Bifidobacterium breve",FALSE,TRUE,1029,FALSE,TRUE,"Bifidobacterium breve (1685)"
"S001352708","FJ861666","1685","Bifidobacterium breve",FALSE,TRUE,1033,FALSE,TRUE,"Bifidobacterium breve (1685)"
"S000129424","AJ292530","181675","Lactobacillus coleohominis",FALSE,TRUE,1034,FALSE,TRUE,"Lactobacillus coleohominis (181675)"
"S000608871","AM113776","181675","Lactobacillus coleohominis",TRUE,TRUE,1035,FALSE,TRUE,"Lactobacillus coleohominis (181675)"
"S000112115","AJ428402","184870","Varibaculum cambriense",FALSE,TRUE,1036,FALSE,TRUE,"Varibaculum cambriense (184870)"
"S000433822","AJ491326","184870","Varibaculum cambriense",TRUE,TRUE,1037,FALSE,TRUE,"Varibaculum cambriense (184870)"
"S000608087","AM084231","184870","Varibaculum cambriense",FALSE,TRUE,1038,FALSE,TRUE,"Varibaculum cambriense (184870)"
"S001188095","FJ169866","184870","Varibaculum cambriense",FALSE,TRUE,1039,FALSE,TRUE,"Varibaculum cambriense (184870)"
"S001188096","FJ169867","184870","Varibaculum cambriense",FALSE,TRUE,1040,FALSE,TRUE,"Varibaculum cambriense (184870)"
"123B-25","","186802_1","BVAB1",FALSE,TRUE,1042,FALSE,TRUE,"BVAB1 (186802_1)"
"141B-3","","186802_1","BVAB1",FALSE,TRUE,1043,FALSE,TRUE,"BVAB1 (186802_1)"
"2BV-15","","186802_1","BVAB1",FALSE,TRUE,1044,FALSE,TRUE,"BVAB1 (186802_1)"
"3BV-5","","186802_1","BVAB1",FALSE,TRUE,1049,FALSE,TRUE,"BVAB1 (186802_1)"
"7BV-93","","186802_1","BVAB1",FALSE,TRUE,1056,FALSE,TRUE,"BVAB1 (186802_1)"
"123B-28","","186802_2","BVAB2",FALSE,TRUE,1058,FALSE,TRUE,"BVAB2 (186802_2)"
"163B-51","","186802_2","BVAB2",FALSE,TRUE,1061,FALSE,TRUE,"BVAB2 (186802_2)"
"4BVB-5","","186802_2","BVAB2",FALSE,TRUE,1064,FALSE,TRUE,"BVAB2 (186802_2)"
"4BVQ-3","","186802_2","BVAB2",FALSE,TRUE,1065,FALSE,TRUE,"BVAB2 (186802_2)"
"7BVB-26","","186802_2","BVAB2",FALSE,TRUE,1069,FALSE,TRUE,"BVAB2 (186802_2)"
"112Q-85","","186802_3","BVAB3",FALSE,TRUE,1070,FALSE,TRUE,"BVAB3 (186802_3)"
"123F-17","","186802_3","BVAB3",FALSE,TRUE,1071,FALSE,TRUE,"BVAB3 (186802_3)"
"1BV-44","","186802_3","BVAB3",FALSE,TRUE,1072,FALSE,TRUE,"BVAB3 (186802_3)"
"1BVBACT-82","","186802_3","BVAB3",FALSE,TRUE,1073,FALSE,TRUE,"BVAB3 (186802_3)"
"4BVB-10","","186802_3","BVAB3",FALSE,TRUE,1076,FALSE,TRUE,"BVAB3 (186802_3)"
"123Q-17","","187101","Leptotrichia amnionii",FALSE,TRUE,1081,FALSE,TRUE,"Leptotrichia amnionii (187101)"
"5BVBACT-26","","187101","Leptotrichia amnionii",FALSE,TRUE,1088,FALSE,TRUE,"Leptotrichia amnionii (187101)"
"5BVBACT-84","","187101","Leptotrichia amnionii",FALSE,TRUE,1089,FALSE,TRUE,"Leptotrichia amnionii (187101)"
"7BVC-108","","187101","Leptotrichia amnionii",FALSE,TRUE,1092,FALSE,TRUE,"Leptotrichia amnionii (187101)"
"7BVB-17","","187101","Leptotrichia amnionii",FALSE,TRUE,1096,FALSE,TRUE,"Leptotrichia amnionii (187101)"
"4BVB-40","","2051","Mobiluncus curtisii",FALSE,TRUE,1102,FALSE,TRUE,"Mobiluncus curtisii (2051)"
"S000148549","AJ576074","2051","Mobiluncus curtisii",FALSE,TRUE,1103,FALSE,TRUE,"Mobiluncus curtisii (2051)"
"S000148552","AJ576085","2051","Mobiluncus curtisii",FALSE,TRUE,1104,FALSE,TRUE,"Mobiluncus curtisii (2051)"
"S000149189","AJ576084","2051","Mobiluncus curtisii",FALSE,TRUE,1106,FALSE,TRUE,"Mobiluncus curtisii (2051)"
"S000149439","AJ576086","2051","Mobiluncus curtisii",FALSE,TRUE,1107,FALSE,TRUE,"Mobiluncus curtisii (2051)"
"1057-129DG2R-13","","2052","Mobiluncus mulieris",FALSE,TRUE,1109,FALSE,TRUE,"Mobiluncus mulieris (2052)"
"123B-85-F","","2052","Mobiluncus mulieris",FALSE,TRUE,1110,FALSE,TRUE,"Mobiluncus mulieris (2052)"
"S000127945","AJ318410","2052","Mobiluncus mulieris",FALSE,TRUE,1111,FALSE,TRUE,"Mobiluncus mulieris (2052)"
"S000148781","AJ576079","2052","Mobiluncus mulieris",FALSE,TRUE,1116,FALSE,TRUE,"Mobiluncus mulieris (2052)"
"S000149022","AJ576076","2052","Mobiluncus mulieris",FALSE,TRUE,1117,FALSE,TRUE,"Mobiluncus mulieris (2052)"
"3001-189R-35","","2098","Mycoplasma hominis",FALSE,TRUE,1118,FALSE,TRUE,"Mycoplasma hominis (2098)"
"3025-338F-91","","2098","Mycoplasma hominis",FALSE,TRUE,1119,FALSE,TRUE,"Mycoplasma hominis (2098)"
"3025-189R-74","","2098","Mycoplasma hominis",FALSE,TRUE,1120,FALSE,TRUE,"Mycoplasma hominis (2098)"
"S000004762","AJ002266","2098","Mycoplasma hominis",FALSE,TRUE,1123,FALSE,TRUE,"Mycoplasma hominis (2098)"
"S000007585","M96660","2098","Mycoplasma hominis",FALSE,TRUE,1125,FALSE,TRUE,"Mycoplasma hominis (2098)"
"S000414333","L08642","2130","Ureaplasma urealyticum",FALSE,TRUE,1129,FALSE,TRUE,"Ureaplasma urealyticum (2130)"
"S000436101","M23935","2130","Ureaplasma urealyticum",TRUE,TRUE,1130,FALSE,TRUE,"Ureaplasma urealyticum (2130)"
"S000437046","U06094","2130","Ureaplasma urealyticum",FALSE,TRUE,1131,FALSE,TRUE,"Ureaplasma urealyticum (2130)"
"S000437047","U06095","2130","Ureaplasma urealyticum",FALSE,TRUE,1132,FALSE,TRUE,"Ureaplasma urealyticum (2130)"
"S000437048","U06096","2130","Ureaplasma urealyticum",FALSE,TRUE,1133,FALSE,TRUE,"Ureaplasma urealyticum (2130)"
"S000627084","DQ295034","216816","Bifidobacterium longum",FALSE,TRUE,1139,FALSE,TRUE,"Bifidobacterium longum (216816)"
"S000805616","EF203956","216816","Bifidobacterium longum",FALSE,TRUE,1140,FALSE,TRUE,"Bifidobacterium longum (216816)"
"S001292608","EU372978","216816","Bifidobacterium longum",FALSE,TRUE,1143,FALSE,TRUE,"Bifidobacterium longum (216816)"
"S001352705","FJ861663","216816","Bifidobacterium longum",FALSE,TRUE,1144,FALSE,TRUE,"Bifidobacterium longum (216816)"
"S001352707","FJ861665","216816","Bifidobacterium longum",FALSE,TRUE,1145,FALSE,TRUE,"Bifidobacterium longum (216816)"
"123F3-61","","2702","Gardnerella vaginalis",FALSE,TRUE,1152,FALSE,TRUE,"Gardnerella vaginalis (2702)"
"4BVQ-13","","2702","Gardnerella vaginalis",FALSE,TRUE,1168,FALSE,TRUE,"Gardnerella vaginalis (2702)"
"5BV-17","","2702","Gardnerella vaginalis",FALSE,TRUE,1169,FALSE,TRUE,"Gardnerella vaginalis (2702)"
"7BVB-6","","2702","Gardnerella vaginalis",FALSE,TRUE,1188,FALSE,TRUE,"Gardnerella vaginalis (2702)"
"S000436355","M58744","2702","Gardnerella vaginalis",TRUE,TRUE,1189,FALSE,TRUE,"Gardnerella vaginalis (2702)"
"4VAG-92","","28035","Staphylococcus lugdunensis",FALSE,TRUE,1191,FALSE,TRUE,"Staphylococcus lugdunensis (28035)"
"S000381988","AB009941","28035","Staphylococcus lugdunensis",TRUE,TRUE,1192,FALSE,TRUE,"Staphylococcus lugdunensis (28035)"
"S000482457","AY903256","28035","Staphylococcus lugdunensis",FALSE,TRUE,1193,FALSE,TRUE,"Staphylococcus lugdunensis (28035)"
"S000482459","AY903258","28035","Staphylococcus lugdunensis",FALSE,TRUE,1195,FALSE,TRUE,"Staphylococcus lugdunensis (28035)"
"S001588040","EU373527","28035","Staphylococcus lugdunensis",FALSE,TRUE,1196,FALSE,TRUE,"Staphylococcus lugdunensis (28035)"
"S000386901","AF003929","28037","Streptococcus mitis",TRUE,TRUE,1199,FALSE,TRUE,"Streptococcus mitis (28037)"
"S000405651","AY281076","28037","Streptococcus mitis",FALSE,TRUE,1201,FALSE,TRUE,"Streptococcus mitis (28037)"
"S000617862","AM157420","28037","Streptococcus mitis",FALSE,TRUE,1208,FALSE,TRUE,"Streptococcus mitis (28037)"
"S001187498","EU156762","28037","Streptococcus mitis",FALSE,TRUE,1215,FALSE,TRUE,"Streptococcus mitis (28037)"
"S001352169","FJ823148","28037","Streptococcus mitis",FALSE,TRUE,1219,FALSE,TRUE,"Streptococcus mitis (28037)"
"112Q-98","","28123","Porphyromonas asaccharolytica",FALSE,TRUE,1227,FALSE,TRUE,"Porphyromonas asaccharolytica (28123)"
"113S1-51","","28123","Porphyromonas asaccharolytica",FALSE,TRUE,1229,FALSE,TRUE,"Porphyromonas asaccharolytica (28123)"
"123F2-107","","28123","Porphyromonas asaccharolytica",FALSE,TRUE,1230,FALSE,TRUE,"Porphyromonas asaccharolytica (28123)"
"3025-189R-43","","28123","Porphyromonas asaccharolytica",FALSE,TRUE,1234,FALSE,TRUE,"Porphyromonas asaccharolytica (28123)"
"S000414473","L16490","28123","Porphyromonas asaccharolytica",TRUE,TRUE,1237,TRUE,TRUE,"Porphyromonas asaccharolytica (28123)"
"123F-82","","28125","Prevotella bivia",FALSE,TRUE,1239,FALSE,TRUE,"Prevotella bivia (28125)"
"127Q-23","","28125","Prevotella bivia",FALSE,TRUE,1241,FALSE,TRUE,"Prevotella bivia (28125)"
"258B-16","","28125","Prevotella bivia",FALSE,TRUE,1243,FALSE,TRUE,"Prevotella bivia (28125)"
"3025-189R-64","","28125","Prevotella bivia",FALSE,TRUE,1244,FALSE,TRUE,"Prevotella bivia (28125)"
"S000414458","L16475","28125","Prevotella bivia",TRUE,TRUE,1245,FALSE,TRUE,"Prevotella bivia (28125)"
"127B-60","","28127","Prevotella buccalis",FALSE,TRUE,1246,FALSE,TRUE,"Prevotella buccalis (28127)"
"136B-75","","28127","Prevotella buccalis",FALSE,TRUE,1247,FALSE,TRUE,"Prevotella buccalis (28127)"
"141B-14","","28127","Prevotella buccalis",FALSE,TRUE,1248,FALSE,TRUE,"Prevotella buccalis (28127)"
"S000414459","L16476","28127","Prevotella buccalis",TRUE,TRUE,1249,FALSE,TRUE,"Prevotella buccalis (28127)"
"123F-19","","28130","Prevotella disiens",FALSE,TRUE,1250,FALSE,TRUE,"Prevotella disiens (28130)"
"123Q-10","","28130","Prevotella disiens",FALSE,TRUE,1251,FALSE,TRUE,"Prevotella disiens (28130)"
"S000414466","L16483","28130","Prevotella disiens",TRUE,TRUE,1252,FALSE,TRUE,"Prevotella disiens (28130)"
"S001242365","FJ449846","287","Pseudomonas aeruginosa",FALSE,TRUE,1259,FALSE,TRUE,"Pseudomonas aeruginosa (287)"
"S000010427","X06684","287","Pseudomonas aeruginosa",TRUE,TRUE,1274,TRUE,TRUE,"Pseudomonas aeruginosa (287)"
"S000965468","EF102842","287","Pseudomonas aeruginosa",FALSE,TRUE,1386,FALSE,TRUE,"Pseudomonas aeruginosa (287)"
"S001170129","FJ009393","287","Pseudomonas aeruginosa",FALSE,TRUE,1434,FALSE,TRUE,"Pseudomonas aeruginosa (287)"
"S001187879","EU710872","287","Pseudomonas aeruginosa",FALSE,TRUE,1445,FALSE,TRUE,"Pseudomonas aeruginosa (287)"
"123Q-31","","293545","Sutterella morbirenis",FALSE,TRUE,1515,FALSE,TRUE,"Sutterella morbirenis (293545)"
"S000775302","AJ832129","293545","Sutterella morbirenis",FALSE,TRUE,1516,FALSE,TRUE,"Sutterella morbirenis (293545)"
"S000381984","AB009937","29388","Staphylococcus capitis",TRUE,TRUE,1517,FALSE,TRUE,"Staphylococcus capitis (29388)"
"S000434638","AY030321","29388","Staphylococcus capitis",FALSE,TRUE,1520,FALSE,TRUE,"Staphylococcus capitis (29388)"
"S000926528","EU071603","29388","Staphylococcus capitis",FALSE,TRUE,1521,FALSE,TRUE,"Staphylococcus capitis (29388)"
"S001263906","FJ357608","29388","Staphylococcus capitis",FALSE,TRUE,1528,FALSE,TRUE,"Staphylococcus capitis (29388)"
"S001263912","FJ357614","29388","Staphylococcus capitis",FALSE,TRUE,1529,FALSE,TRUE,"Staphylococcus capitis (29388)"
"S000022197","Z76662","294","Pseudomonas fluorescens",TRUE,TRUE,1548,FALSE,TRUE,"Pseudomonas fluorescens (294)"
"S001015548","EU434546","294","Pseudomonas fluorescens",FALSE,TRUE,1662,FALSE,TRUE,"Pseudomonas fluorescens (294)"
"S001015580","EU434578","294","Pseudomonas fluorescens",FALSE,TRUE,1664,FALSE,TRUE,"Pseudomonas fluorescens (294)"
"S001097562","EU586046","294","Pseudomonas fluorescens",FALSE,TRUE,1673,FALSE,TRUE,"Pseudomonas fluorescens (294)"
"S001549441","FJ950542","294","Pseudomonas fluorescens",FALSE,TRUE,1701,FALSE,TRUE,"Pseudomonas fluorescens (294)"
"7BVC-4","","29465","Veillonella",FALSE,TRUE,1740,FALSE,TRUE,"Veillonella (29465)"
"7BVA-4","","29465","Veillonella",FALSE,TRUE,1741,FALSE,TRUE,"Veillonella (29465)"
"123F-67","","2_1","Novel bacterial clone type 1",FALSE,TRUE,1742,FALSE,TRUE,"Novel bacterial clone type 1 (2_1)"
"123F2-102","","2_1","Novel bacterial clone type 1",FALSE,TRUE,1743,FALSE,TRUE,"Novel bacterial clone type 1 (2_1)"
"123F3-53","","2_1","Novel bacterial clone type 1",FALSE,TRUE,1744,FALSE,TRUE,"Novel bacterial clone type 1 (2_1)"
"S001589951","GQ502786","303","Pseudomonas putida",FALSE,TRUE,1765,FALSE,TRUE,"Pseudomonas putida (303)"
"S000413774","D37923","303","Pseudomonas putida",TRUE,TRUE,1803,FALSE,TRUE,"Pseudomonas putida (303)"
"S001095911","EU438846","303","Pseudomonas putida",FALSE,TRUE,1957,FALSE,TRUE,"Pseudomonas putida (303)"
"S001549449","FJ950550","303","Pseudomonas putida",FALSE,TRUE,2020,FALSE,TRUE,"Pseudomonas putida (303)"
"S001549474","FJ950575","303","Pseudomonas putida",FALSE,TRUE,2023,FALSE,TRUE,"Pseudomonas putida (303)"
"S000131865","AJ312165","316","Pseudomonas stutzeri",FALSE,TRUE,2100,FALSE,TRUE,"Pseudomonas stutzeri (316)"
"S001187337","AM905854","316","Pseudomonas stutzeri",FALSE,TRUE,2171,FALSE,TRUE,"Pseudomonas stutzeri (316)"
"S001187340","AM905857","316","Pseudomonas stutzeri",FALSE,TRUE,2174,FALSE,TRUE,"Pseudomonas stutzeri (316)"
"S000131535","AY153430","33030","Peptoniphilus indolicus",FALSE,TRUE,2209,FALSE,TRUE,"Peptoniphilus indolicus (33030)"
"S000398321","AY153431","33030","Peptoniphilus indolicus",FALSE,TRUE,2210,FALSE,TRUE,"Peptoniphilus indolicus (33030)"
"S000995190","D14147","33030","Peptoniphilus indolicus",TRUE,TRUE,2211,FALSE,TRUE,"Peptoniphilus indolicus (33030)"
"123F-26","","33031","Peptoniphilus lacrimalis",FALSE,TRUE,2212,FALSE,TRUE,"Peptoniphilus lacrimalis (33031)"
"123Q-6","","33031","Peptoniphilus lacrimalis",FALSE,TRUE,2213,FALSE,TRUE,"Peptoniphilus lacrimalis (33031)"
"4BVB-110","","33031","Peptoniphilus lacrimalis",FALSE,TRUE,2214,FALSE,TRUE,"Peptoniphilus lacrimalis (33031)"
"S000432296","AF542230","33031","Peptoniphilus lacrimalis",FALSE,TRUE,2216,FALSE,TRUE,"Peptoniphilus lacrimalis (33031)"
"S000995185","D14141","33031","Peptoniphilus lacrimalis",TRUE,TRUE,2217,TRUE,TRUE,"Peptoniphilus lacrimalis (33031)"
"1BVBACT-87","","33033","Parvimonas micra",FALSE,TRUE,2218,FALSE,TRUE,"Parvimonas micra (33033)"
"8BV-109","","33033","Parvimonas micra",FALSE,TRUE,2219,FALSE,TRUE,"Parvimonas micra (33033)"
"3376-129DG2R-65","","33033","Parvimonas micra",FALSE,TRUE,2220,FALSE,TRUE,"Parvimonas micra (33033)"
"3025-338F-5","","33033","Parvimonas micra",FALSE,TRUE,2221,FALSE,TRUE,"Parvimonas micra (33033)"
"123B-11-F","","33033","Parvimonas micra",FALSE,TRUE,2223,FALSE,TRUE,"Parvimonas micra (33033)"
"123F2-5","","33036","Anaerococcus tetradius",FALSE,TRUE,2233,FALSE,TRUE,"Anaerococcus tetradius (33036)"
"3001-189R-24","","33036","Anaerococcus tetradius",FALSE,TRUE,2235,FALSE,TRUE,"Anaerococcus tetradius (33036)"
"S000432300","AF542234","33036","Anaerococcus tetradius",FALSE,TRUE,2236,FALSE,TRUE,"Anaerococcus tetradius (33036)"
"S000995186","D14142","33036","Anaerococcus tetradius",TRUE,TRUE,2237,FALSE,TRUE,"Anaerococcus tetradius (33036)"
"S001589410","GQ422749","33036","Anaerococcus tetradius",FALSE,TRUE,2238,FALSE,TRUE,"Anaerococcus tetradius (33036)"
"113F4-90","","33037","Anaerococcus vaginalis",FALSE,TRUE,2239,FALSE,TRUE,"Anaerococcus vaginalis (33037)"
"S000432295","AF542229","33037","Anaerococcus vaginalis",FALSE,TRUE,2240,FALSE,TRUE,"Anaerococcus vaginalis (33037)"
"S000995189","D14146","33037","Anaerococcus vaginalis",TRUE,TRUE,2241,FALSE,TRUE,"Anaerococcus vaginalis (33037)"
"S000015704","AJ301825","33945","Enterococcus avium",FALSE,TRUE,2243,FALSE,TRUE,"Enterococcus avium (33945)"
"S000387859","AF133535","33945","Enterococcus avium",TRUE,TRUE,2245,FALSE,TRUE,"Enterococcus avium (33945)"
"S000428247","AF061008","33945","Enterococcus avium",FALSE,TRUE,2246,FALSE,TRUE,"Enterococcus avium (33945)"
"S000891902","DQ779961","33945","Enterococcus avium",FALSE,TRUE,2247,FALSE,TRUE,"Enterococcus avium (33945)"
"S001292632","EU391532","33945","Enterococcus avium",FALSE,TRUE,2248,FALSE,TRUE,"Enterococcus avium (33945)"
"S000653955","DQ458962","358","Agrobacterium tumefaciens",FALSE,TRUE,2257,FALSE,TRUE,"Agrobacterium tumefaciens (358)"
"S000654052","DQ463805","358","Agrobacterium tumefaciens",FALSE,TRUE,2258,FALSE,TRUE,"Agrobacterium tumefaciens (358)"
"S000468978","D12784","358","Agrobacterium tumefaciens",FALSE,TRUE,2303,FALSE,TRUE,"Agrobacterium tumefaciens (358)"
"S001152545","EF661856","358","Agrobacterium tumefaciens",FALSE,TRUE,2344,FALSE,TRUE,"Agrobacterium tumefaciens (358)"
"S000436036","M11223","358","Agrobacterium tumefaciens",TRUE,TRUE,2362,FALSE,TRUE,"Agrobacterium tumefaciens (358)"
"S000011559","X80500","38284","Corynebacterium accolens",TRUE,TRUE,2368,FALSE,TRUE,"Corynebacterium accolens (38284)"
"S000366402","AJ439346","38284","Corynebacterium accolens",FALSE,TRUE,2369,FALSE,TRUE,"Corynebacterium accolens (38284)"
"S000978896","AB359401","38284","Corynebacterium accolens",FALSE,TRUE,2370,FALSE,TRUE,"Corynebacterium accolens (38284)"
"S001577610","GQ338419","38284","Corynebacterium accolens",FALSE,TRUE,2371,FALSE,TRUE,"Corynebacterium accolens (38284)"
"112Q-65","","39948_1","Dialister sp. type 1",FALSE,TRUE,2372,FALSE,TRUE,"Dialister sp. type 1 (39948_1)"
"123F-25","","39948_1","Dialister sp. type 1",FALSE,TRUE,2373,FALSE,TRUE,"Dialister sp. type 1 (39948_1)"
"123F3-54","","39948_1","Dialister sp. type 1",FALSE,TRUE,2374,FALSE,TRUE,"Dialister sp. type 1 (39948_1)"
"136B-27","","39948_1","Dialister sp. type 1",FALSE,TRUE,2375,FALSE,TRUE,"Dialister sp. type 1 (39948_1)"
"3BV-106","","39948_1","Dialister sp. type 1",FALSE,TRUE,2376,FALSE,TRUE,"Dialister sp. type 1 (39948_1)"
"3BV-74","","39948_1","Dialister sp. type 1",FALSE,TRUE,2377,FALSE,TRUE,"Dialister sp. type 1 (39948_1)"
"4BVB-11","","39948_1","Dialister sp. type 1",FALSE,TRUE,2378,FALSE,TRUE,"Dialister sp. type 1 (39948_1)"
"4VAG-89","","39948_1","Dialister sp. type 1",FALSE,TRUE,2379,FALSE,TRUE,"Dialister sp. type 1 (39948_1)"
"7BVB-73","","39948_1","Dialister sp. type 1",FALSE,TRUE,2380,FALSE,TRUE,"Dialister sp. type 1 (39948_1)"
"113S1-83","","39948_2","Dialister sp. type 2",FALSE,TRUE,2382,FALSE,TRUE,"Dialister sp. type 2 (39948_2)"
"123F-3","","39948_2","Dialister sp. type 2",FALSE,TRUE,2384,FALSE,TRUE,"Dialister sp. type 2 (39948_2)"
"123F2-80","","39948_2","Dialister sp. type 2",FALSE,TRUE,2385,FALSE,TRUE,"Dialister sp. type 2 (39948_2)"
"123F3-78","","39948_2","Dialister sp. type 2",FALSE,TRUE,2386,FALSE,TRUE,"Dialister sp. type 2 (39948_2)"
"123Q-21","","39948_2","Dialister sp. type 2",FALSE,TRUE,2387,FALSE,TRUE,"Dialister sp. type 2 (39948_2)"
"163B-19","","39948_2","Dialister sp. type 2",FALSE,TRUE,2388,FALSE,TRUE,"Dialister sp. type 2 (39948_2)"
"1BV-20","","39948_2","Dialister sp. type 2",FALSE,TRUE,2389,FALSE,TRUE,"Dialister sp. type 2 (39948_2)"
"1BVBACT-2","","39948_2","Dialister sp. type 2",FALSE,TRUE,2390,FALSE,TRUE,"Dialister sp. type 2 (39948_2)"
"7BVA-47","","39948_2","Dialister sp. type 2",FALSE,TRUE,2394,FALSE,TRUE,"Dialister sp. type 2 (39948_2)"
"7BVB-75","","39948_2","Dialister sp. type 2",FALSE,TRUE,2395,FALSE,TRUE,"Dialister sp. type 2 (39948_2)"
"123B-72","","40543","Sneathia sanguinegens",FALSE,TRUE,2396,FALSE,TRUE,"Sneathia sanguinegens (40543)"
"4BVB-23","","40543","Sneathia sanguinegens",FALSE,TRUE,2401,FALSE,TRUE,"Sneathia sanguinegens (40543)"
"5BVBACT-111","","40543","Sneathia sanguinegens",FALSE,TRUE,2403,FALSE,TRUE,"Sneathia sanguinegens (40543)"
"7BVB-4","","40543","Sneathia sanguinegens",FALSE,TRUE,2406,FALSE,TRUE,"Sneathia sanguinegens (40543)"
"S000096693","AJ344093","40543","Sneathia sanguinegens",TRUE,TRUE,2407,FALSE,TRUE,"Sneathia sanguinegens (40543)"
"113S1-21","","40544","Sutterella",FALSE,TRUE,2409,FALSE,TRUE,"Sutterella (40544)"
"S000017346","AJ278695","419015","Alloscardovia omnicolens",FALSE,TRUE,2410,FALSE,TRUE,"Alloscardovia omnicolens (419015)"
"S000018908","AJ278694","419015","Alloscardovia omnicolens",FALSE,TRUE,2411,FALSE,TRUE,"Alloscardovia omnicolens (419015)"
"S000775411","AM419458","419015","Alloscardovia omnicolens",FALSE,TRUE,2412,FALSE,TRUE,"Alloscardovia omnicolens (419015)"
"S000775412","AM419459","419015","Alloscardovia omnicolens",FALSE,TRUE,2413,FALSE,TRUE,"Alloscardovia omnicolens (419015)"
"S000775413","AM419460","419015","Alloscardovia omnicolens",FALSE,TRUE,2414,FALSE,TRUE,"Alloscardovia omnicolens (419015)"
"S000651751","DQ379505","470","Acinetobacter baumannii",FALSE,TRUE,2421,FALSE,TRUE,"Acinetobacter baumannii (470)"
"S001098970","EU661697","470","Acinetobacter baumannii",FALSE,TRUE,2439,FALSE,TRUE,"Acinetobacter baumannii (470)"
"S001098973","EU661700","470","Acinetobacter baumannii",FALSE,TRUE,2440,FALSE,TRUE,"Acinetobacter baumannii (470)"
"S001239719","EF159726","470","Acinetobacter baumannii",FALSE,TRUE,2451,FALSE,TRUE,"Acinetobacter baumannii (470)"
"S001263766","FJ009590","470","Acinetobacter baumannii",FALSE,TRUE,2452,FALSE,TRUE,"Acinetobacter baumannii (470)"
"S000381579","Z93434","471","Acinetobacter calcoaceticus",TRUE,TRUE,2474,TRUE,TRUE,"Acinetobacter calcoaceticus (471)"
"S000508582","AY823621","471","Acinetobacter calcoaceticus",FALSE,TRUE,2477,FALSE,TRUE,"Acinetobacter calcoaceticus (471)"
"S000927437","EU118781","471","Acinetobacter calcoaceticus",FALSE,TRUE,2489,FALSE,TRUE,"Acinetobacter calcoaceticus (471)"
"S001351609","FJ816062","471","Acinetobacter calcoaceticus",FALSE,TRUE,2522,FALSE,TRUE,"Acinetobacter calcoaceticus (471)"
"S001574903","FJ976609","471","Acinetobacter calcoaceticus",FALSE,TRUE,2550,FALSE,TRUE,"Acinetobacter calcoaceticus (471)"
"S000389888","AF243146","47715","Lactobacillus rhamnosus",FALSE,TRUE,2557,FALSE,TRUE,"Lactobacillus rhamnosus (47715)"
"S000422104","AY675253","47715","Lactobacillus rhamnosus",FALSE,TRUE,2559,FALSE,TRUE,"Lactobacillus rhamnosus (47715)"
"S000422105","AY675254","47715","Lactobacillus rhamnosus",FALSE,TRUE,2560,FALSE,TRUE,"Lactobacillus rhamnosus (47715)"
"S000444212","AY773957","47715","Lactobacillus rhamnosus",FALSE,TRUE,2561,FALSE,TRUE,"Lactobacillus rhamnosus (47715)"
"S000444213","AY773958","47715","Lactobacillus rhamnosus",FALSE,TRUE,2562,FALSE,TRUE,"Lactobacillus rhamnosus (47715)"
"S000478280","AY852248","47715","Lactobacillus rhamnosus",FALSE,TRUE,2563,FALSE,TRUE,"Lactobacillus rhamnosus (47715)"
"S000859948","EF534204","47715","Lactobacillus rhamnosus",FALSE,TRUE,2567,FALSE,TRUE,"Lactobacillus rhamnosus (47715)"
"S001241390","FJ409226","47715","Lactobacillus rhamnosus",FALSE,TRUE,2571,FALSE,TRUE,"Lactobacillus rhamnosus (47715)"
"S001548994","EU825659","47715","Lactobacillus rhamnosus",FALSE,TRUE,2572,FALSE,TRUE,"Lactobacillus rhamnosus (47715)"
"S001589620","GQ461595","47715","Lactobacillus rhamnosus",FALSE,TRUE,2574,FALSE,TRUE,"Lactobacillus rhamnosus (47715)"
"136F-115","","47770","Lactobacillus crispatus",FALSE,TRUE,2581,FALSE,TRUE,"Lactobacillus crispatus (47770)"
"4VAG-338F-15","","47770","Lactobacillus crispatus",FALSE,TRUE,2594,FALSE,TRUE,"Lactobacillus crispatus (47770)"
"S000003123","AJ242969","47770","Lactobacillus crispatus",FALSE,TRUE,2595,FALSE,TRUE,"Lactobacillus crispatus (47770)"
"S000009255","Y17362","47770","Lactobacillus crispatus",TRUE,TRUE,2596,FALSE,TRUE,"Lactobacillus crispatus (47770)"
"S000389883","AF243141","47770","Lactobacillus crispatus",FALSE,TRUE,2597,FALSE,TRUE,"Lactobacillus crispatus (47770)"
"S000389909","AF243167","47770","Lactobacillus crispatus",FALSE,TRUE,2601,FALSE,TRUE,"Lactobacillus crispatus (47770)"
"S000389917","AF243175","47770","Lactobacillus crispatus",FALSE,TRUE,2607,FALSE,TRUE,"Lactobacillus crispatus (47770)"
"S000636272","DQ316398","47770","Lactobacillus crispatus",FALSE,TRUE,2610,FALSE,TRUE,"Lactobacillus crispatus (47770)"
"S000636355","DQ317604","47770","Lactobacillus crispatus",FALSE,TRUE,2611,FALSE,TRUE,"Lactobacillus crispatus (47770)"
"S000639015","DQ333457","47770","Lactobacillus crispatus",FALSE,TRUE,2612,FALSE,TRUE,"Lactobacillus crispatus (47770)"
"S000005899","D84015","47880","Pseudomonas fulva",TRUE,TRUE,2619,FALSE,TRUE,"Pseudomonas fulva (47880)"
"S000261175","AB046997","47880","Pseudomonas fulva",FALSE,TRUE,2620,FALSE,TRUE,"Pseudomonas fulva (47880)"
"S000587583","DQ141541","47880","Pseudomonas fulva",FALSE,TRUE,2624,FALSE,TRUE,"Pseudomonas fulva (47880)"
"S001198469","EU239167","47880","Pseudomonas fulva",FALSE,TRUE,2635,FALSE,TRUE,"Pseudomonas fulva (47880)"
"S001241512","FJ418772","47880","Pseudomonas fulva",FALSE,TRUE,2637,FALSE,TRUE,"Pseudomonas fulva (47880)"
"S001609989","EU977586","47885","Pseudomonas oryzihabitans",FALSE,TRUE,2648,FALSE,TRUE,"Pseudomonas oryzihabitans (47885)"
"S001610120","EU977717","47885","Pseudomonas oryzihabitans",FALSE,TRUE,2651,FALSE,TRUE,"Pseudomonas oryzihabitans (47885)"
"S001610143","EU977740","47885","Pseudomonas oryzihabitans",FALSE,TRUE,2654,FALSE,TRUE,"Pseudomonas oryzihabitans (47885)"
"S001610144","EU977741","47885","Pseudomonas oryzihabitans",FALSE,TRUE,2655,FALSE,TRUE,"Pseudomonas oryzihabitans (47885)"
"S000004324","D84004","47885","Pseudomonas oryzihabitans",TRUE,TRUE,2657,FALSE,TRUE,"Pseudomonas oryzihabitans (47885)"
"S000010758","X82451","52773","Actinomyces meyeri",TRUE,TRUE,2658,FALSE,TRUE,"Actinomyces meyeri (52773)"
"S000003547","Y07839","54005","Peptoniphilus harei",TRUE,TRUE,2659,FALSE,TRUE,"Peptoniphilus harei (54005)"
"S000004313","X80725","562","Escherichia coli",TRUE,TRUE,2718,FALSE,TRUE,"Escherichia coli (562)"
"S000135860","AJ567607","562","Escherichia coli",FALSE,TRUE,2731,FALSE,TRUE,"Escherichia coli (562)"
"S000860489","EF560790","562","Escherichia coli",FALSE,TRUE,2753,FALSE,TRUE,"Escherichia coli (562)"
"S001550309","FJ997270","562","Escherichia coli",FALSE,TRUE,2774,FALSE,TRUE,"Escherichia coli (562)"
"S001576676","GQ273514","562","Escherichia coli",FALSE,TRUE,2777,FALSE,TRUE,"Escherichia coli (562)"
"S000639013","DQ333356","575","Raoultella planticola",FALSE,TRUE,2787,FALSE,TRUE,"Raoultella planticola (575)"
"S000090215","X93215","575","Raoultella planticola",FALSE,TRUE,2792,FALSE,TRUE,"Raoultella planticola (575)"
"S000385771","AB099400","575","Raoultella planticola",FALSE,TRUE,2794,FALSE,TRUE,"Raoultella planticola (575)"
"S000385778","AB099407","575","Raoultella planticola",FALSE,TRUE,2796,FALSE,TRUE,"Raoultella planticola (575)"
"S000387364","AF129443","575","Raoultella planticola",TRUE,TRUE,2797,FALSE,TRUE,"Raoultella planticola (575)"
"S000006483","AB009457","70775","Pseudomonas plecoglossicida",TRUE,TRUE,2802,FALSE,TRUE,"Pseudomonas plecoglossicida (70775)"
"S000559100","DQ095887","70775","Pseudomonas plecoglossicida",FALSE,TRUE,2806,FALSE,TRUE,"Pseudomonas plecoglossicida (70775)"
"S000559123","DQ095910","70775","Pseudomonas plecoglossicida",FALSE,TRUE,2822,FALSE,TRUE,"Pseudomonas plecoglossicida (70775)"
"S001242372","FJ455450","70775","Pseudomonas plecoglossicida",FALSE,TRUE,2837,FALSE,TRUE,"Pseudomonas plecoglossicida (70775)"
"S001610121","EU977718","70775","Pseudomonas plecoglossicida",FALSE,TRUE,2853,FALSE,TRUE,"Pseudomonas plecoglossicida (70775)"
"S000013341","AF064458","76759","Pseudomonas monteilii",TRUE,TRUE,2859,FALSE,TRUE,"Pseudomonas monteilii (76759)"
"S000014476","AF502594","76759","Pseudomonas monteilii",FALSE,TRUE,2860,FALSE,TRUE,"Pseudomonas monteilii (76759)"
"S001292944","FJ560914","76759","Pseudomonas monteilii",FALSE,TRUE,2869,FALSE,TRUE,"Pseudomonas monteilii (76759)"
"S001417836","FJ897847","76759","Pseudomonas monteilii",FALSE,TRUE,2870,FALSE,TRUE,"Pseudomonas monteilii (76759)"
"S001577040","GQ284476","76759","Pseudomonas monteilii",FALSE,TRUE,2871,FALSE,TRUE,"Pseudomonas monteilii (76759)"
"S000538861","DQ073452","78327","Pseudomonas mosselii",FALSE,TRUE,2874,FALSE,TRUE,"Pseudomonas mosselii (78327)"
"S000559127","DQ095914","78327","Pseudomonas mosselii",FALSE,TRUE,2876,FALSE,TRUE,"Pseudomonas mosselii (78327)"
"S000776614","EF178445","78327","Pseudomonas mosselii",FALSE,TRUE,2878,FALSE,TRUE,"Pseudomonas mosselii (78327)"
"S000841838","AF072688","78327","Pseudomonas mosselii",TRUE,TRUE,2879,FALSE,TRUE,"Pseudomonas mosselii (78327)"
"S000980226","EU301780","78327","Pseudomonas mosselii",FALSE,TRUE,2880,FALSE,TRUE,"Pseudomonas mosselii (78327)"
"S000001704","AB050110","820","Bacteroides uniformis",FALSE,TRUE,2883,FALSE,TRUE,"Bacteroides uniformis (820)"
"S000407865","AY349154","820","Bacteroides uniformis",FALSE,TRUE,2884,FALSE,TRUE,"Bacteroides uniformis (820)"
"S000469521","AB117563","820","Bacteroides uniformis",FALSE,TRUE,2885,FALSE,TRUE,"Bacteroides uniformis (820)"
"S000469522","AB117564","820","Bacteroides uniformis",FALSE,TRUE,2886,FALSE,TRUE,"Bacteroides uniformis (820)"
"S001045755","EU722741","820","Bacteroides uniformis",FALSE,TRUE,2895,FALSE,TRUE,"Bacteroides uniformis (820)"
"3BV-26","","82135","Atopobium vaginae",FALSE,TRUE,2908,FALSE,TRUE,"Atopobium vaginae (82135)"
"7BVB-16","","82135","Atopobium vaginae",FALSE,TRUE,2920,FALSE,TRUE,"Atopobium vaginae (82135)"
"3376-129DG2R-17","","82135","Atopobium vaginae",FALSE,TRUE,2921,FALSE,TRUE,"Atopobium vaginae (82135)"
"S000130242","Y17195","82135","Atopobium vaginae",TRUE,TRUE,2923,FALSE,TRUE,"Atopobium vaginae (82135)"
"S000607439","AJ585206","82135","Atopobium vaginae",FALSE,TRUE,2925,FALSE,TRUE,"Atopobium vaginae (82135)"
"123F3-35","","838_1","Prevotella genogroup 1",FALSE,TRUE,2929,FALSE,TRUE,"Prevotella genogroup 1 (838_1)"
"1BV-26","","838_1","Prevotella genogroup 1",FALSE,TRUE,2931,FALSE,TRUE,"Prevotella genogroup 1 (838_1)"
"1BVBACT-24","","838_1","Prevotella genogroup 1",FALSE,TRUE,2933,FALSE,TRUE,"Prevotella genogroup 1 (838_1)"
"2BVBACT-34","","838_1","Prevotella genogroup 1",FALSE,TRUE,2938,FALSE,TRUE,"Prevotella genogroup 1 (838_1)"
"4BVB-89","","838_1","Prevotella genogroup 1",FALSE,TRUE,2941,FALSE,TRUE,"Prevotella genogroup 1 (838_1)"
"5BV-94","","838_1","Prevotella genogroup 1",FALSE,TRUE,2944,FALSE,TRUE,"Prevotella genogroup 1 (838_1)"
"6BV-81","","838_1","Prevotella genogroup 1",FALSE,TRUE,2947,FALSE,TRUE,"Prevotella genogroup 1 (838_1)"
"7BVC-90","","838_1","Prevotella genogroup 1",FALSE,TRUE,2949,FALSE,TRUE,"Prevotella genogroup 1 (838_1)"
"8BV-1","","838_1","Prevotella genogroup 1",FALSE,TRUE,2950,FALSE,TRUE,"Prevotella genogroup 1 (838_1)"
"8BV-8","","838_1","Prevotella genogroup 1",FALSE,TRUE,2953,FALSE,TRUE,"Prevotella genogroup 1 (838_1)"
"113S1-20","","838_2","Prevotella genogroup 2",FALSE,TRUE,2956,FALSE,TRUE,"Prevotella genogroup 2 (838_2)"
"123B-12","","838_2","Prevotella genogroup 2",FALSE,TRUE,2957,FALSE,TRUE,"Prevotella genogroup 2 (838_2)"
"123B-9","","838_2","Prevotella genogroup 2",FALSE,TRUE,2958,FALSE,TRUE,"Prevotella genogroup 2 (838_2)"
"123F3-40","","838_2","Prevotella genogroup 2",FALSE,TRUE,2960,FALSE,TRUE,"Prevotella genogroup 2 (838_2)"
"123Q-4","","838_2","Prevotella genogroup 2",FALSE,TRUE,2961,FALSE,TRUE,"Prevotella genogroup 2 (838_2)"
"127Q-100","","838_2","Prevotella genogroup 2",FALSE,TRUE,2963,FALSE,TRUE,"Prevotella genogroup 2 (838_2)"
"1BVBACT-11","","838_2","Prevotella genogroup 2",FALSE,TRUE,2967,FALSE,TRUE,"Prevotella genogroup 2 (838_2)"
"6BV-36","","838_2","Prevotella genogroup 2",FALSE,TRUE,2971,FALSE,TRUE,"Prevotella genogroup 2 (838_2)"
"7BVA-49","","838_2","Prevotella genogroup 2",FALSE,TRUE,2974,FALSE,TRUE,"Prevotella genogroup 2 (838_2)"
"7BVA-28","","838_2","Prevotella genogroup 2",FALSE,TRUE,2975,FALSE,TRUE,"Prevotella genogroup 2 (838_2)"
"123F-110","","838_3","Prevotella genogroup 3",FALSE,TRUE,2976,FALSE,TRUE,"Prevotella genogroup 3 (838_3)"
"3BV-37","","838_3","Prevotella genogroup 3",FALSE,TRUE,2977,FALSE,TRUE,"Prevotella genogroup 3 (838_3)"
"3BV-52","","838_3","Prevotella genogroup 3",FALSE,TRUE,2978,FALSE,TRUE,"Prevotella genogroup 3 (838_3)"
"8BV-4","","838_3","Prevotella genogroup 3",FALSE,TRUE,2979,FALSE,TRUE,"Prevotella genogroup 3 (838_3)"
"3025-338F-60","","838_3","Prevotella genogroup 3",FALSE,TRUE,2980,FALSE,TRUE,"Prevotella genogroup 3 (838_3)"
"3025-189R-110","","838_3","Prevotella genogroup 3",FALSE,TRUE,2981,FALSE,TRUE,"Prevotella genogroup 3 (838_3)"
"3025-9-F","","838_3","Prevotella genogroup 3",FALSE,TRUE,2982,FALSE,TRUE,"Prevotella genogroup 3 (838_3)"
"1BV-27","","838_4","Prevotella genogroup 4",FALSE,TRUE,2984,FALSE,TRUE,"Prevotella genogroup 4 (838_4)"
"1BVBACT-28","","838_4","Prevotella genogroup 4",FALSE,TRUE,2985,FALSE,TRUE,"Prevotella genogroup 4 (838_4)"
"4BVQ-57","","838_4","Prevotella genogroup 4",FALSE,TRUE,2986,FALSE,TRUE,"Prevotella genogroup 4 (838_4)"
"5BVBACT-2","","838_4","Prevotella genogroup 4",FALSE,TRUE,2987,FALSE,TRUE,"Prevotella genogroup 4 (838_4)"
"6BV-15","","838_4","Prevotella genogroup 4",FALSE,TRUE,2988,FALSE,TRUE,"Prevotella genogroup 4 (838_4)"
"7BVA-26","","838_4","Prevotella genogroup 4",FALSE,TRUE,2991,FALSE,TRUE,"Prevotella genogroup 4 (838_4)"
"3025-338F-43","","838_4","Prevotella genogroup 4",FALSE,TRUE,2992,FALSE,TRUE,"Prevotella genogroup 4 (838_4)"
"3025-189R-100","","838_4","Prevotella genogroup 4",FALSE,TRUE,2993,FALSE,TRUE,"Prevotella genogroup 4 (838_4)"
"113F4-66","","838_5","Prevotella genogroup 5",FALSE,TRUE,2994,FALSE,TRUE,"Prevotella genogroup 5 (838_5)"
"113F4-12","","838_6","Prevotella genogroup 6",FALSE,TRUE,2995,FALSE,TRUE,"Prevotella genogroup 6 (838_6)"
"113F4-94","","838_6","Prevotella genogroup 6",FALSE,TRUE,2996,FALSE,TRUE,"Prevotella genogroup 6 (838_6)"
"113S1-84","","838_6","Prevotella genogroup 6",FALSE,TRUE,2997,FALSE,TRUE,"Prevotella genogroup 6 (838_6)"
"113S1-92","","838_6","Prevotella genogroup 6",FALSE,TRUE,2998,FALSE,TRUE,"Prevotella genogroup 6 (838_6)"
"123F2-17","","838_7","Prevotella genogroup 7",FALSE,TRUE,2999,FALSE,TRUE,"Prevotella genogroup 7 (838_7)"
"123F2-72","","838_7","Prevotella genogroup 7",FALSE,TRUE,3000,FALSE,TRUE,"Prevotella genogroup 7 (838_7)"
"136B-22","","838_7","Prevotella genogroup 7",FALSE,TRUE,3001,FALSE,TRUE,"Prevotella genogroup 7 (838_7)"
"113S1-24","","84111","Eggerthella",FALSE,TRUE,3003,FALSE,TRUE,"Eggerthella (84111)"
"123Q-104","","84111","Eggerthella",FALSE,TRUE,3005,FALSE,TRUE,"Eggerthella (84111)"
"1BV-101","","84111","Eggerthella",FALSE,TRUE,3006,FALSE,TRUE,"Eggerthella (84111)"
"1BVBACT-18","","84111","Eggerthella",FALSE,TRUE,3007,FALSE,TRUE,"Eggerthella (84111)"
"2BV-41","","84111","Eggerthella",FALSE,TRUE,3008,FALSE,TRUE,"Eggerthella (84111)"
"3025-338F-92","","849","Fusobacterium gonidiaformans",FALSE,TRUE,3014,FALSE,TRUE,"Fusobacterium gonidiaformans (849)"
"3025-189R-78","","849","Fusobacterium gonidiaformans",FALSE,TRUE,3015,FALSE,TRUE,"Fusobacterium gonidiaformans (849)"
"S000367147","AJ810275","851","Fusobacterium nucleatum",FALSE,TRUE,3016,FALSE,TRUE,"Fusobacterium nucleatum (851)"
"S000653596","DQ440563","851","Fusobacterium nucleatum",FALSE,TRUE,3020,FALSE,TRUE,"Fusobacterium nucleatum (851)"
"S001243290","FJ471642","851","Fusobacterium nucleatum",FALSE,TRUE,3028,FALSE,TRUE,"Fusobacterium nucleatum (851)"
"S001243311","FJ471663","851","Fusobacterium nucleatum",FALSE,TRUE,3044,FALSE,TRUE,"Fusobacterium nucleatum (851)"
"S001574342","FJ471648","851","Fusobacterium nucleatum",FALSE,TRUE,3049,FALSE,TRUE,"Fusobacterium nucleatum (851)"
"3001-189R-46","","87541","Aerococcus christensenii",FALSE,TRUE,3051,FALSE,TRUE,"Aerococcus christensenii (87541)"
"S000013318","Y17318","87541","Aerococcus christensenii",FALSE,TRUE,3052,FALSE,TRUE,"Aerococcus christensenii (87541)"
"S000127667","Y17005","87541","Aerococcus christensenii",TRUE,TRUE,3053,FALSE,TRUE,"Aerococcus christensenii (87541)"
"113S1-4","","906_1","Megasphaera sp. type 1",FALSE,TRUE,3054,FALSE,TRUE,"Megasphaera sp. type 1 (906_1)"
"127B-2","","906_1","Megasphaera sp. type 1",FALSE,TRUE,3056,FALSE,TRUE,"Megasphaera sp. type 1 (906_1)"
"2BV-45","","906_1","Megasphaera sp. type 1",FALSE,TRUE,3060,FALSE,TRUE,"Megasphaera sp. type 1 (906_1)"
"4BVB-3","","906_1","Megasphaera sp. type 1",FALSE,TRUE,3062,FALSE,TRUE,"Megasphaera sp. type 1 (906_1)"
"5BVBACT-19","","906_1","Megasphaera sp. type 1",FALSE,TRUE,3065,FALSE,TRUE,"Megasphaera sp. type 1 (906_1)"
"7BVA-22","","906_2","Megasphaera sp. type 2",FALSE,TRUE,3069,FALSE,TRUE,"Megasphaera sp. type 2 (906_2)"
"7BVA-99","","906_2","Megasphaera sp. type 2",FALSE,TRUE,3070,FALSE,TRUE,"Megasphaera sp. type 2 (906_2)"
"3025-338F-4","","906_2","Megasphaera sp. type 2",FALSE,TRUE,3071,FALSE,TRUE,"Megasphaera sp. type 2 (906_2)"
"3025-189R-21","","906_2","Megasphaera sp. type 2",FALSE,TRUE,3072,FALSE,TRUE,"Megasphaera sp. type 2 (906_2)"
"123B-13-F","","906_2","Megasphaera sp. type 2",FALSE,TRUE,3073,FALSE,TRUE,"Megasphaera sp. type 2 (906_2)"
"123B-31","","95818","candidate division TM7",FALSE,TRUE,3074,FALSE,TRUE,"candidate division TM7 (95818)"
"4BVB-68","","95818","candidate division TM7",FALSE,TRUE,3075,FALSE,TRUE,"candidate division TM7 (95818)"
"6BV-75","","95818","candidate division TM7",FALSE,TRUE,3076,FALSE,TRUE,"candidate division TM7 (95818)"
"S000387302","AF126738","97478","Lactobacillus mucosae",TRUE,TRUE,3077,FALSE,TRUE,"Lactobacillus mucosae (97478)"
"S000389887","AF243145","97478","Lactobacillus mucosae",FALSE,TRUE,3078,FALSE,TRUE,"Lactobacillus mucosae (97478)"
"S000389890","AF243148","97478","Lactobacillus mucosae",FALSE,TRUE,3079,FALSE,TRUE,"Lactobacillus mucosae (97478)"
"S000547355","AY445124","97478","Lactobacillus mucosae",FALSE,TRUE,3080,FALSE,TRUE,"Lactobacillus mucosae (97478)"
"S000547356","AY445125","97478","Lactobacillus mucosae",FALSE,TRUE,3081,FALSE,TRUE,"Lactobacillus mucosae (97478)"
"S000547357","AY445126","97478","Lactobacillus mucosae",FALSE,TRUE,3082,FALSE,TRUE,"Lactobacillus mucosae (97478)"
"S000566906","AB186315","97478","Lactobacillus mucosae",FALSE,TRUE,3083,FALSE,TRUE,"Lactobacillus mucosae (97478)"
"S000566917","AB186326","97478","Lactobacillus mucosae",FALSE,TRUE,3085,FALSE,TRUE,"Lactobacillus mucosae (97478)"
"S000926256","EF120376","97478","Lactobacillus mucosae",FALSE,TRUE,3086,FALSE,TRUE,"Lactobacillus mucosae (97478)"
"S001046089","EU728797","97478","Lactobacillus mucosae",FALSE,TRUE,3087,FALSE,TRUE,"Lactobacillus mucosae (97478)"
