"tax_id","parent_id","rank","tax_name","root","cellular_root","domain","superphylum","phylum","subphylum","class","subclass","order","below_order","below_below_order","suborder","family","below_family","genus","subgenus","species_group","species","below_species","below_below_species","subspecies","below_subspecies"
"1","1","root","root","1","","","","","","","","","","","","","","","","","","","","",""
"131567","1","cellular_root","cellular organisms","1","131567","","","","","","","","","","","","","","","","","","","",""
"2","131567","domain","Bacteria","1","131567","2","","","","","","","","","","","","","","","","","","",""
"68336","2","superphylum","Bacteroidetes/Chlorobi group","1","131567","2","68336","","","","","","","","","","","","","","","","","",""
"201174","2","phylum","Actinobacteria","1","131567","2","","201174","","","","","","","","","","","","","","","","",""
"976","68336","phylum","Bacteroidetes","1","131567","2","68336","976","","","","","","","","","","","","","","","","",""
"1239","2","phylum","Firmicutes","1","131567","2","","1239","","","","","","","","","","","","","","","","",""
"32066","2","phylum","Fusobacteria","1","131567","2","","32066","","","","","","","","","","","","","","","","",""
"1224","2","phylum","Proteobacteria","1","131567","2","","1224","","","","","","","","","","","","","","","","",""
"203691","2","phylum","Spirochaetes","1","131567","2","","203691","","","","","","","","","","","","","","","","",""
"544448","2","phylum","Tenericutes","1","131567","2","","544448","","","","","","","","","","","","","","","","",""
"68525","1224","subphylum","delta/epsilon subdivisions","1","131567","2","","1224","68525","","","","","","","","","","","","","","","",""
"1760","201174","class","Actinobacteria (class)","1","131567","2","","201174","","1760","","","","","","","","","","","","","","",""
"28211","1224","class","Alphaproteobacteria","1","131567","2","","1224","","28211","","","","","","","","","","","","","","",""
"91061","1239","class","Bacilli","1","131567","2","","1239","","91061","","","","","","","","","","","","","","",""
"200643","976","class","Bacteroidia","1","131567","2","68336","976","","200643","","","","","","","","","","","","","","",""
"28216","1224","class","Betaproteobacteria","1","131567","2","","1224","","28216","","","","","","","","","","","","","","",""
"186801","1239","class","Clostridia","1","131567","2","","1239","","186801","","","","","","","","","","","","","","",""
"29547","68525","class","Epsilonproteobacteria","1","131567","2","","1224","68525","29547","","","","","","","","","","","","","","",""
"526524","1239","class","Erysipelotrichi","1","131567","2","","1239","","526524","","","","","","","","","","","","","","",""
"117743","976","class","Flavobacteriia","1","131567","2","68336","976","","117743","","","","","","","","","","","","","","",""
"203490","32066","class","Fusobacteria (class)","1","131567","2","","32066","","203490","","","","","","","","","","","","","","",""
"1236","1224","class","Gammaproteobacteria","1","131567","2","","1224","","1236","","","","","","","","","","","","","","",""
"31969","544448","class","Mollicutes","1","131567","2","","544448","","31969","","","","","","","","","","","","","","",""
"909932","1239","class","Negativicutes","1","131567","2","","1239","","909932","","","","","","","","","","","","","","",""
"203692","203691","class","Spirochaetia","1","131567","2","","203691","","203692","","","","","","","","","","","","","","",""
"85003","1760","subclass","Actinobacteridae","1","131567","2","","201174","","1760","85003","","","","","","","","","","","","","",""
"84998","1760","subclass","Coriobacteridae","1","131567","2","","201174","","1760","84998","","","","","","","","","","","","","",""
"225057","1236","order","Acidithiobacillales","1","131567","2","","1224","","1236","","225057","","","","","","","","","","","","",""
"2037","85003","order","Actinomycetales","1","131567","2","","201174","","1760","85003","2037","","","","","","","","","","","","",""
"1385","91061","order","Bacillales","1","131567","2","","1239","","91061","","1385","","","","","","","","","","","","",""
"171549","200643","order","Bacteroidales","1","131567","2","68336","976","","200643","","171549","","","","","","","","","","","","",""
"213849","29547","order","Campylobacterales","1","131567","2","","1224","68525","29547","","213849","","","","","","","","","","","","",""
"186802","186801","order","Clostridiales","1","131567","2","","1239","","186801","","186802","","","","","","","","","","","","",""
"84999","84998","order","Coriobacteriales","1","131567","2","","201174","","1760","84998","84999","","","","","","","","","","","","",""
"526525","526524","order","Erysipelotrichales","1","131567","2","","1239","","526524","","526525","","","","","","","","","","","","",""
"200644","117743","order","Flavobacteriales","1","131567","2","68336","976","","117743","","200644","","","","","","","","","","","","",""
"203491","203490","order","Fusobacteriales","1","131567","2","","32066","","203490","","203491","","","","","","","","","","","","",""
"186826","91061","order","Lactobacillales","1","131567","2","","1239","","91061","","186826","","","","","","","","","","","","",""
"2085","31969","order","Mycoplasmatales","1","131567","2","","544448","","31969","","2085","","","","","","","","","","","","",""
"206351","28216","order","Neisseriales","1","131567","2","","1224","","28216","","206351","","","","","","","","","","","","",""
"135625","1236","order","Pasteurellales","1","131567","2","","1224","","1236","","135625","","","","","","","","","","","","",""
"72274","1236","order","Pseudomonadales","1","131567","2","","1224","","1236","","72274","","","","","","","","","","","","",""
"356","28211","order","Rhizobiales","1","131567","2","","1224","","28211","","356","","","","","","","","","","","","",""
"909929","909932","order","Selenomonadales","1","131567","2","","1239","","909932","","909929","","","","","","","","","","","","",""
"204457","28211","order","Sphingomonadales","1","131567","2","","1224","","28211","","204457","","","","","","","","","","","","",""
"136","203692","order","Spirochaetales","1","131567","2","","203691","","203692","","136","","","","","","","","","","","","",""
"539002","1385","below_order","Bacillales incertae sedis","1","131567","2","","1239","","91061","","1385","539002","","","","","","","","","","","",""
"538999","186802","below_order","Clostridiales incertae sedis","1","131567","2","","1239","","186801","","186802","538999","","","","","","","","","","","",""
"539738","539002","below_below_order","Bacillales Family XI. Incertae Sedis","1","131567","2","","1239","","91061","","1385","539002","539738","","","","","","","","","","",""
"85005","2037","suborder","Actinomycineae","1","131567","2","","201174","","1760","85003","2037","","","85005","","","","","","","","","",""
"255727","84999","suborder","Coriobacterineae","1","131567","2","","201174","","1760","84998","84999","","","255727","","","","","","","","","",""
"85007","2037","suborder","Corynebacterineae","1","131567","2","","201174","","1760","85003","2037","","","85007","","","","","","","","","",""
"85006","2037","suborder","Micrococcineae","1","131567","2","","201174","","1760","85003","2037","","","85006","","","","","","","","","",""
"85009","2037","suborder","Propionibacterineae","1","131567","2","","201174","","1760","85003","2037","","","85009","","","","","","","","","",""
"225058","225057","family","Acidithiobacillaceae","1","131567","2","","1224","","1236","","225057","","","","225058","","","","","","","","",""
"2049","85005","family","Actinomycetaceae","1","131567","2","","201174","","1760","85003","2037","","","85005","2049","","","","","","","","",""
"186827","186826","family","Aerococcaceae","1","131567","2","","1239","","91061","","186826","","","","186827","","","","","","","","",""
"72294","213849","family","Campylobacteraceae","1","131567","2","","1224","68525","29547","","213849","","","","72294","","","","","","","","",""
"186828","186826","family","Carnobacteriaceae","1","131567","2","","1239","","91061","","186826","","","","186828","","","","","","","","",""
"543310","538999","family","Clostridiales Family XI. Incertae Sedis","1","131567","2","","1239","","186801","","186802","538999","","","543310","","","","","","","","",""
"543314","538999","family","Clostridiales Family XIII. Incertae Sedis","1","131567","2","","1239","","186801","","186802","538999","","","543314","","","","","","","","",""
"84107","255727","family","Coriobacteriaceae","1","131567","2","","201174","","1760","84998","84999","","","255727","84107","","","","","","","","",""
"1653","85007","family","Corynebacteriaceae","1","131567","2","","201174","","1760","85003","2037","","","85007","1653","","","","","","","","",""
"81852","186826","family","Enterococcaceae","1","131567","2","","1239","","91061","","186826","","","","81852","","","","","","","","",""
"128827","526525","family","Erysipelotrichaceae","1","131567","2","","1239","","526524","","526525","","","","128827","","","","","","","","",""
"186806","186802","family","Eubacteriaceae","1","131567","2","","1239","","186801","","186802","","","","186806","","","","","","","","",""
"49546","200644","family","Flavobacteriaceae","1","131567","2","68336","976","","117743","","200644","","","","49546","","","","","","","","",""
"203492","203491","family","Fusobacteriaceae","1","131567","2","","32066","","203490","","203491","","","","203492","","","","","","","","",""
"186803","186802","family","Lachnospiraceae","1","131567","2","","1239","","186801","","186802","","","","186803","","","","","","","","",""
"1268","85006","family","Micrococcaceae","1","131567","2","","201174","","1760","85003","2037","","","85006","1268","","","","","","","","",""
"468","72274","family","Moraxellaceae","1","131567","2","","1224","","1236","","72274","","","","468","","","","","","","","",""
"2092","2085","family","Mycoplasmataceae","1","131567","2","","544448","","31969","","2085","","","","2092","","","","","","","","",""
"481","206351","family","Neisseriaceae","1","131567","2","","1224","","28216","","206351","","","","481","","","","","","","","",""
"712","135625","family","Pasteurellaceae","1","131567","2","","1224","","1236","","135625","","","","712","","","","","","","","",""
"186804","186802","family","Peptostreptococcaceae","1","131567","2","","1239","","186801","","186802","","","","186804","","","","","","","","",""
"69277","356","family","Phyllobacteriaceae","1","131567","2","","1224","","28211","","356","","","","69277","","","","","","","","",""
"171551","171549","family","Porphyromonadaceae","1","131567","2","68336","976","","200643","","171549","","","","171551","","","","","","","","",""
"171552","171549","family","Prevotellaceae","1","131567","2","68336","976","","200643","","171549","","","","171552","","","","","","","","",""
"31957","85009","family","Propionibacteriaceae","1","131567","2","","201174","","1760","85003","2037","","","85009","31957","","","","","","","","",""
"41297","204457","family","Sphingomonadaceae","1","131567","2","","1224","","28211","","204457","","","","41297","","","","","","","","",""
"137","136","family","Spirochaetaceae","1","131567","2","","203691","","203692","","136","","","","137","","","","","","","","",""
"1300","186826","family","Streptococcaceae","1","131567","2","","1239","","91061","","186826","","","","1300","","","","","","","","",""
"31977","909929","family","Veillonellaceae","1","131567","2","","1239","","909932","","909929","","","","31977","","","","","","","","",""
"543311","543310","below_family","Parvimonas","1","131567","2","","1239","","186801","","186802","538999","","","543310","543311","","","","","","","",""
"67757","712","below_family","unclassified Pasteurellaceae","1","131567","2","","1224","","1236","","135625","","","","712","67757","","","","","","","",""
"46123","186827","genus","Abiotrophia","1","131567","2","","1239","","91061","","186826","","","","186827","","46123","","","","","","",""
"119977","225058","genus","Acidithiobacillus","1","131567","2","","1224","","1236","","225057","","","","225058","","119977","","","","","","",""
"713","712","genus","Actinobacillus","1","131567","2","","1224","","1236","","135625","","","","712","","713","","","","","","",""
"1654","2049","genus","Actinomyces","1","131567","2","","201174","","1760","85003","2037","","","85005","2049","","1654","","","","","","",""
"416916","712","genus","Aggregatibacter","1","131567","2","","1224","","1236","","135625","","","","712","","416916","","","","","","",""
"1380","84107","genus","Atopobium","1","131567","2","","201174","","1760","84998","84999","","","255727","84107","","1380","","","","","","",""
"194","72294","genus","Campylobacter","1","131567","2","","1224","68525","29547","","213849","","","","72294","","194","","","","","","",""
"1016","49546","genus","Capnocytophaga","1","131567","2","68336","976","","117743","","200644","","","","49546","","1016","","","","","","",""
"43996","186803","genus","Catonella","1","131567","2","","1239","","186801","","186802","","","","186803","","43996","","","","","","",""
"82202","31977","genus","Centipeda","1","131567","2","","1239","","909932","","909929","","","","31977","","82202","","","","","","",""
"1716","1653","genus","Corynebacterium","1","131567","2","","201174","","1760","85003","2037","","","85007","1653","","1716","","","","","","",""
"39948","31977","genus","Dialister","1","131567","2","","1239","","909932","","909929","","","","31977","","39948","","","","","","",""
"1730","186806","genus","Eubacterium","1","131567","2","","1239","","186801","","186802","","","","186806","","1730","","","","","","",""
"44259","186804","genus","Filifactor","1","131567","2","","1239","","186801","","186802","","","","186804","","44259","","","","","","",""
"848","203492","genus","Fusobacterium","1","131567","2","","32066","","203490","","203491","","","","203492","","848","","","","","","",""
"155493","712","genus","Gallibacterium","1","131567","2","","1224","","1236","","135625","","","","712","","155493","","","","","","",""
"1378","539738","genus","Gemella","1","131567","2","","1239","","91061","","1385","539002","539738","","","","1378","","","","","","",""
"117563","186828","genus","Granulicatella","1","131567","2","","1239","","91061","","186826","","","","186828","","117563","","","","","","",""
"724","712","genus","Haemophilus","1","131567","2","","1224","","1236","","135625","","","","712","","724","","","","","","",""
"32257","481","genus","Kingella","1","131567","2","","1224","","28216","","206351","","","","481","","32257","","","","","","",""
"32067","203492","genus","Leptotrichia","1","131567","2","","32066","","203490","","203491","","","","203492","","32067","","","","","","",""
"75984","712","genus","Mannheimia","1","131567","2","","1224","","1236","","135625","","","","712","","75984","","","","","","",""
"906","31977","genus","Megasphaera","1","131567","2","","1239","","909932","","909929","","","","31977","","906","","","","","","",""
"86331","543314","genus","Mogibacterium","1","131567","2","","1239","","186801","","186802","538999","","","543314","","86331","","","","","","",""
"475","468","genus","Moraxella","1","131567","2","","1224","","1236","","72274","","","","468","","475","","","","","","",""
"2093","2092","genus","Mycoplasma","1","131567","2","","544448","","31969","","2085","","","","2092","","2093","","","","","","",""
"482","481","genus","Neisseria","1","131567","2","","1224","","28216","","206351","","","","481","","482","","","","","","",""
"948104","1300","genus","Okadaella","1","131567","2","","1239","","91061","","186826","","","","1300","","948104","","","","","","",""
"265975","186803","genus","Oribacterium","1","131567","2","","1239","","186801","","186802","","","","186803","","265975","","","","","","",""
"1257","186804","genus","Peptostreptococcus","1","131567","2","","1239","","186801","","186802","","","","186804","","1257","","","","","","",""
"28100","69277","genus","Phyllobacterium","1","131567","2","","1224","","28211","","356","","","","69277","","28100","","","","","","",""
"836","171551","genus","Porphyromonas","1","131567","2","68336","976","","200643","","171549","","","","171551","","836","","","","","","",""
"838","171552","genus","Prevotella","1","131567","2","68336","976","","200643","","171549","","","","171552","","838","","","","","","",""
"1743","31957","genus","Propionibacterium","1","131567","2","","201174","","1760","85003","2037","","","85009","31957","","1743","","","","","","",""
"32207","1268","genus","Rothia","1","131567","2","","201174","","1760","85003","2037","","","85006","1268","","32207","","","","","","",""
"970","31977","genus","Selenomonas","1","131567","2","","1239","","909932","","909929","","","","31977","","970","","","","","","",""
"177971","186803","genus","Shuttleworthia","1","131567","2","","1239","","186801","","186802","","","","186803","","177971","","","","","","",""
"123375","128827","genus","Solobacterium","1","131567","2","","1239","","526524","","526525","","","","128827","","123375","","","","","","",""
"13687","41297","genus","Sphingomonas","1","131567","2","","1224","","28211","","204457","","","","41297","","13687","","","","","","",""
"1301","1300","genus","Streptococcus","1","131567","2","","1239","","91061","","186826","","","","1300","","1301","","","","","","",""
"195950","171551","genus","Tannerella","1","131567","2","68336","976","","200643","","171549","","","","171551","","195950","","","","","","",""
"217201","712","genus","Terrahaemophilus","1","131567","2","","1224","","1236","","135625","","","","712","","217201","","","","","","",""
"157","137","genus","Treponema","1","131567","2","","203691","","203692","","136","","","","137","","157","","","","","","",""
"2737","81852","genus","Vagococcus","1","131567","2","","1239","","91061","","186826","","","","81852","","2737","","","","","","",""
"29465","31977","genus","Veillonella","1","131567","2","","1239","","909932","","909929","","","","31977","","29465","","","","","","",""
"46225","475","subgenus","Moraxella","1","131567","2","","1224","","1236","","72274","","","","468","","475","46225","","","","","",""
"28154","712","species_group","Bisgaard taxa","1","131567","2","","1224","","1236","","135625","","","","712","","","","28154","","","","",""
"671232","1301","species_group","Streptococcus anginosus group","1","131567","2","","1239","","91061","","186826","","","","1300","","1301","","671232","","","","",""
"310966","67757","species_group","[Pasteurella] aerogenes-[Pasteurella] mairii-[Actinobacillus] rossii complex","1","131567","2","","1224","","1236","","135625","","","","712","67757","","","310966","","","","",""
"46125","46123","species","Abiotrophia defectiva","1","131567","2","","1239","","91061","","186826","","","","186827","","46123","","","46125","","","",""
"191553","46123","species","Abiotrophia para-adiacens","1","131567","2","","1239","","91061","","186826","","","","186827","","46123","","","191553","","","",""
"930","119977","species","Acidithiobacillus thiooxidans","1","131567","2","","1224","","1236","","225057","","","","225058","","119977","","","930","","","",""
"123814","67757","species","Actinobacillus pleuropneumoniae MCCM 00189","1","131567","2","","1224","","1236","","135625","","","","712","67757","","","","123814","","","",""
"51048","713","species","Actinobacillus porcinus","1","131567","2","","1224","","1236","","135625","","","","712","","713","","","51048","","","",""
"123820","310966","species","Actinobacillus rossii","1","131567","2","","1224","","1236","","135625","","","","712","67757","","","310966","123820","","","",""
"52768","1654","species","Actinomyces georgiae","1","131567","2","","201174","","1760","85003","2037","","","85005","2049","","1654","","","52768","","","",""
"52769","1654","species","Actinomyces gerencseriae","1","131567","2","","201174","","1760","85003","2037","","","85005","2049","","1654","","","52769","","","",""
"55565","1654","species","Actinomyces graevenitzii","1","131567","2","","201174","","1760","85003","2037","","","85005","2049","","1654","","","55565","","","",""
"1659","1654","species","Actinomyces israelii","1","131567","2","","201174","","1760","85003","2037","","","85005","2049","","1654","","","1659","","","",""
"544581","1654","species","Actinomyces johnsonii","1","131567","2","","201174","","1760","85003","2037","","","85005","2049","","1654","","","544581","","","",""
"114702","1654","species","Actinomyces lingnae","1","131567","2","","201174","","1760","85003","2037","","","85005","2049","","1654","","","114702","","","",""
"461393","1654","species","Actinomyces massiliensis","1","131567","2","","201174","","1760","85003","2037","","","85005","2049","","1654","","","461393","","","",""
"52773","1654","species","Actinomyces meyeri","1","131567","2","","201174","","1760","85003","2037","","","85005","2049","","1654","","","52773","","","",""
"1655","1654","species","Actinomyces naeslundii","1","131567","2","","201174","","1760","85003","2037","","","85005","2049","","1654","","","1655","","","",""
"1660","1654","species","Actinomyces odontolyticus","1","131567","2","","201174","","1760","85003","2037","","","85005","2049","","1654","","","1660","","","",""
"544580","1654","species","Actinomyces oris","1","131567","2","","201174","","1760","85003","2037","","","85005","2049","","1654","","","544580","","","",""
"1656","1654","species","Actinomyces viscosus","1","131567","2","","201174","","1760","85003","2037","","","85005","2049","","1654","","","1656","","","",""
"732","416916","species","Aggregatibacter aphrophilus","1","131567","2","","1224","","1236","","135625","","","","712","","416916","","","732","","","",""
"739","416916","species","Aggregatibacter segnis","1","131567","2","","1224","","1236","","135625","","","","712","","416916","","","739","","","",""
"1382","1380","species","Atopobium parvulum","1","131567","2","","201174","","1760","84998","84999","","","255727","84107","","1380","","","1382","","","",""
"28161","28154","species","Bisgaard Taxon 7","1","131567","2","","1224","","1236","","135625","","","","712","","","","28154","28161","","","",""
"199","194","species","Campylobacter concisus","1","131567","2","","1224","68525","29547","","213849","","","","72294","","194","","","199","","","",""
"202","194","species","Campylobacter mucosalis","1","131567","2","","1224","68525","29547","","213849","","","","72294","","194","","","202","","","",""
"203","194","species","Campylobacter rectus","1","131567","2","","1224","68525","29547","","213849","","","","72294","","194","","","203","","","",""
"204","194","species","Campylobacter showae","1","131567","2","","1224","68525","29547","","213849","","","","72294","","194","","","204","","","",""
"340486","838","species","Candidatus Prevotella conceptionensis","1","131567","2","68336","976","","200643","","171549","","","","171552","","838","","","340486","","","",""
"1017","1016","species","Capnocytophaga gingivalis","1","131567","2","68336","976","","117743","","200644","","","","49546","","1016","","","1017","","","",""
"45242","1016","species","Capnocytophaga granulosa","1","131567","2","68336","976","","117743","","200644","","","","49546","","1016","","","45242","","","",""
"45243","1016","species","Capnocytophaga haemolytica","1","131567","2","68336","976","","117743","","200644","","","","49546","","1016","","","45243","","","",""
"327575","1016","species","Capnocytophaga leadbetteri","1","131567","2","68336","976","","117743","","200644","","","","49546","","1016","","","327575","","","",""
"1018","1016","species","Capnocytophaga ochracea","1","131567","2","68336","976","","117743","","200644","","","","49546","","1016","","","1018","","","",""
"1019","1016","species","Capnocytophaga sputigena","1","131567","2","68336","976","","117743","","200644","","","","49546","","1016","","","1019","","","",""
"43997","43996","species","Catonella morbi","1","131567","2","","1239","","186801","","186802","","","","186803","","43996","","","43997","","","",""
"82203","82202","species","Centipeda periodontii","1","131567","2","","1239","","909932","","909929","","","","31977","","82202","","","82203","","","",""
"61592","1716","species","Corynebacterium durum","1","131567","2","","201174","","1760","85003","2037","","","85007","1653","","1716","","","61592","","","",""
"43768","1716","species","Corynebacterium matruchotii","1","131567","2","","201174","","1760","85003","2037","","","85007","1653","","1716","","","43768","","","",""
"218538","39948","species","Dialister invisus","1","131567","2","","1239","","909932","","909929","","","","31977","","39948","","","218538","","","",""
"39950","39948","species","Dialister pneumosintes","1","131567","2","","1239","","909932","","909929","","","","31977","","39948","","","39950","","","",""
"56774","1730","species","Eubacterium infirmum","1","131567","2","","1239","","186801","","186802","","","","186806","","1730","","","56774","","","",""
"35518","1730","species","Eubacterium nodatum","1","131567","2","","1239","","186801","","186802","","","","186806","","1730","","","35518","","","",""
"467210","1730","species","Eubacterium saburreum","1","131567","2","","1239","","186801","","186802","","","","186806","","1730","","","467210","","","",""
"143393","1730","species","Eubacterium sulci","1","131567","2","","1239","","186801","","186802","","","","186806","","1730","","","143393","","","",""
"39498","1730","species","Eubacterium yurii","1","131567","2","","1239","","186801","","186802","","","","186806","","1730","","","39498","","","",""
"143361","44259","species","Filifactor alocis","1","131567","2","","1239","","186801","","186802","","","","186804","","44259","","","143361","","","",""
"285729","848","species","Fusobacterium canifelinum","1","131567","2","","32066","","203490","","203491","","","","203492","","848","","","285729","","","",""
"77917","848","species","Fusobacterium naviforme","1","131567","2","","32066","","203490","","203491","","","","203492","","848","","","77917","","","",""
"851","848","species","Fusobacterium nucleatum","1","131567","2","","32066","","203490","","203491","","","","203492","","848","","","851","","","",""
"860","848","species","Fusobacterium periodonticum","1","131567","2","","32066","","203490","","203491","","","","203492","","848","","","860","","","",""
"855","848","species","Fusobacterium simiae","1","131567","2","","32066","","203490","","203491","","","","203492","","848","","","855","","","",""
"505341","155493","species","Gallibacterium salpingitidis","1","131567","2","","1224","","1236","","135625","","","","712","","155493","","","505341","","","",""
"1379","1378","species","Gemella haemolysans","1","131567","2","","1239","","91061","","1385","539002","539738","","","","1378","","","1379","","","",""
"29391","1378","species","Gemella morbillorum","1","131567","2","","1239","","91061","","1385","539002","539738","","","","1378","","","29391","","","",""
"84135","1378","species","Gemella sanguinis","1","131567","2","","1239","","91061","","1385","539002","539738","","","","1378","","","84135","","","",""
"46124","117563","species","Granulicatella adiacens","1","131567","2","","1239","","91061","","186826","","","","186828","","117563","","","46124","","","",""
"137732","117563","species","Granulicatella elegans","1","131567","2","","1239","","91061","","186826","","","","186828","","117563","","","137732","","","",""
"321195","117563","species","Granulicatella para-adiacens","1","131567","2","","1239","","91061","","186826","","","","186828","","117563","","","321195","","","",""
"726","724","species","Haemophilus haemolyticus","1","131567","2","","1224","","1236","","135625","","","","712","","724","","","726","","","",""
"727","724","species","Haemophilus influenzae","1","131567","2","","1224","","1236","","135625","","","","712","","724","","","727","","","",""
"735","724","species","Haemophilus parahaemolyticus","1","131567","2","","1224","","1236","","135625","","","","712","","724","","","735","","","",""
"729","724","species","Haemophilus parainfluenzae","1","131567","2","","1224","","1236","","135625","","","","712","","724","","","729","","","",""
"249188","724","species","Haemophilus pittmaniae","1","131567","2","","1224","","1236","","135625","","","","712","","724","","","249188","","","",""
"265175","32257","species","Kingella potus","1","131567","2","","1224","","28216","","206351","","","","481","","32257","","","265175","","","",""
"40542","32067","species","Leptotrichia buccalis","1","131567","2","","32066","","203490","","203491","","","","203492","","32067","","","40542","","","",""
"157692","32067","species","Leptotrichia goodfellowii","1","131567","2","","32066","","203490","","203491","","","","203492","","32067","","","157692","","","",""
"157688","32067","species","Leptotrichia hofstadii","1","131567","2","","32066","","203490","","203491","","","","203492","","32067","","","157688","","","",""
"157691","32067","species","Leptotrichia shahii","1","131567","2","","32066","","203490","","203491","","","","203492","","32067","","","157691","","","",""
"157687","32067","species","Leptotrichia wadei","1","131567","2","","32066","","203490","","203491","","","","203492","","32067","","","157687","","","",""
"85402","75984","species","Mannheimia granulomatis","1","131567","2","","1224","","1236","","135625","","","","712","","75984","","","85402","","","",""
"187326","906","species","Megasphaera micronuciformis","1","131567","2","","1239","","909932","","909929","","","","31977","","906","","","187326","","","",""
"114528","86331","species","Mogibacterium neglectum","1","131567","2","","1239","","186801","","186802","538999","","","543314","","86331","","","114528","","","",""
"86332","86331","species","Mogibacterium pumilum","1","131567","2","","1239","","186801","","186802","538999","","","543314","","86331","","","86332","","","",""
"86333","86331","species","Mogibacterium vescum","1","131567","2","","1239","","186801","","186802","538999","","","543314","","86331","","","86333","","","",""
"476","46225","species","Moraxella bovis","1","131567","2","","1224","","1236","","72274","","","","468","","475","46225","","476","","","",""
"386891","46225","species","Moraxella bovoculi","1","131567","2","","1224","","1236","","72274","","","","468","","475","46225","","386891","","","",""
"90240","46225","species","Moraxella caprae","1","131567","2","","1224","","1236","","72274","","","","468","","475","46225","","90240","","","",""
"60442","46225","species","Moraxella equi","1","131567","2","","1224","","1236","","72274","","","","468","","475","46225","","60442","","","",""
"477","46225","species","Moraxella lacunata","1","131567","2","","1224","","1236","","72274","","","","468","","475","46225","","477","","","",""
"92403","2093","species","Mycoplasma falconis","1","131567","2","","544448","","31969","","2085","","","","2092","","2093","","","92403","","","",""
"56142","2093","species","Mycoplasma faucium","1","131567","2","","544448","","31969","","2085","","","","2092","","2093","","","56142","","","",""
"29559","2093","species","Mycoplasma hyosynoviae","1","131567","2","","544448","","31969","","2085","","","","2092","","2093","","","29559","","","",""
"2124","2093","species","Mycoplasma salivarium","1","131567","2","","544448","","31969","","2085","","","","2092","","2093","","","2124","","","",""
"492","482","species","Neisseria animalis","1","131567","2","","1224","","28216","","206351","","","","481","","482","","","492","","","",""
"483","482","species","Neisseria cinerea","1","131567","2","","1224","","28216","","206351","","","","481","","482","","","483","","","",""
"495","482","species","Neisseria elongata","1","131567","2","","1224","","28216","","206351","","","","481","","482","","","495","","","",""
"34026","482","species","Neisseria flava","1","131567","2","","1224","","28216","","206351","","","","481","","482","","","34026","","","",""
"484","482","species","Neisseria flavescens","1","131567","2","","1224","","28216","","206351","","","","481","","482","","","484","","","",""
"486","482","species","Neisseria lactamica","1","131567","2","","1224","","28216","","206351","","","","481","","482","","","486","","","",""
"487","482","species","Neisseria meningitidis","1","131567","2","","1224","","28216","","206351","","","","481","","482","","","487","","","",""
"488","482","species","Neisseria mucosa","1","131567","2","","1224","","28216","","206351","","","","481","","482","","","488","","","",""
"33053","482","species","Neisseria perflava","1","131567","2","","1224","","28216","","206351","","","","481","","482","","","33053","","","",""
"29434","482","species","Neisseria pharyngis","1","131567","2","","1224","","28216","","206351","","","","481","","482","","","29434","","","",""
"607712","482","species","Neisseria shayeganii","1","131567","2","","1224","","28216","","206351","","","","481","","482","","","607712","","","",""
"490","482","species","Neisseria sicca","1","131567","2","","1224","","28216","","206351","","","","481","","482","","","490","","","",""
"28449","482","species","Neisseria subflava","1","131567","2","","1224","","28216","","206351","","","","481","","482","","","28449","","","",""
"28091","482","species","Neisseria weaveri","1","131567","2","","1224","","28216","","206351","","","","481","","482","","","28091","","","",""
"948105","948104","species","Okadaella gastrococcus","1","131567","2","","1239","","91061","","186826","","","","1300","","948104","","","948105","","","",""
"237576","265975","species","Oribacterium sinus","1","131567","2","","1239","","186801","","186802","","","","186803","","265975","","","237576","","","",""
"33033","543311","species","Parvimonas micra","1","131567","2","","1239","","186801","","186802","538999","","","543310","543311","","","","33033","","","",""
"123821","67757","species","Pasteurella aerogenes MCCM 01551","1","131567","2","","1224","","1236","","135625","","","","712","67757","","","","123821","","","",""
"341694","1257","species","Peptostreptococcus stomatis","1","131567","2","","1239","","186801","","186802","","","","186804","","1257","","","341694","","","",""
"314236","28100","species","Phyllobacterium bourgognense","1","131567","2","","1224","","28211","","356","","","","69277","","28100","","","314236","","","",""
"314235","28100","species","Phyllobacterium brassicacearum","1","131567","2","","1224","","28211","","356","","","","69277","","28100","","","314235","","","",""
"28101","28100","species","Phyllobacterium myrsinacearum","1","131567","2","","1224","","28211","","356","","","","69277","","28100","","","28101","","","",""
"300193","28100","species","Phyllobacterium trifolii","1","131567","2","","1224","","28211","","356","","","","69277","","28100","","","300193","","","",""
"41976","836","species","Porphyromonas catoniae","1","131567","2","68336","976","","200643","","171549","","","","171551","","836","","","41976","","","",""
"28124","836","species","Porphyromonas endodontalis","1","131567","2","68336","976","","200643","","171549","","","","171551","","836","","","28124","","","",""
"837","836","species","Porphyromonas gingivalis","1","131567","2","68336","976","","200643","","171549","","","","171551","","836","","","837","","","",""
"596085","838","species","Prevotella aurantiaca","1","131567","2","68336","976","","200643","","171549","","","","171552","","838","","","596085","","","",""
"305719","838","species","Prevotella baroniae","1","131567","2","68336","976","","200643","","171549","","","","171552","","838","","","305719","","","",""
"28126","838","species","Prevotella buccae","1","131567","2","68336","976","","200643","","171549","","","","171552","","838","","","28126","","","",""
"28129","838","species","Prevotella denticola","1","131567","2","68336","976","","200643","","171549","","","","171552","","838","","","28129","","","",""
"589437","838","species","Prevotella genomosp. T8","1","131567","2","68336","976","","200643","","171549","","","","171552","","838","","","589437","","","",""
"470565","838","species","Prevotella histicola","1","131567","2","68336","976","","200643","","171549","","","","171552","","838","","","470565","","","",""
"28131","838","species","Prevotella intermedia","1","131567","2","68336","976","","200643","","171549","","","","171552","","838","","","28131","","","",""
"840","838","species","Prevotella loescheii","1","131567","2","68336","976","","200643","","171549","","","","171552","","838","","","840","","","",""
"28132","838","species","Prevotella melaninogenica","1","131567","2","68336","976","","200643","","171549","","","","171552","","838","","","28132","","","",""
"310514","838","species","Prevotella multisaccharivorax","1","131567","2","68336","976","","200643","","171549","","","","171552","","838","","","310514","","","",""
"425941","838","species","Prevotella nanceiensis","1","131567","2","68336","976","","200643","","171549","","","","171552","","838","","","425941","","","",""
"28133","838","species","Prevotella nigrescens","1","131567","2","68336","976","","200643","","171549","","","","171552","","838","","","28133","","","",""
"28135","838","species","Prevotella oris","1","131567","2","68336","976","","200643","","171549","","","","171552","","838","","","28135","","","",""
"28136","838","species","Prevotella oulorum","1","131567","2","68336","976","","200643","","171549","","","","171552","","838","","","28136","","","",""
"60133","838","species","Prevotella pallens","1","131567","2","68336","976","","200643","","171549","","","","171552","","838","","","60133","","","",""
"407975","838","species","Prevotella pleuritidis","1","131567","2","68336","976","","200643","","171549","","","","171552","","838","","","407975","","","",""
"228604","838","species","Prevotella salivae","1","131567","2","68336","976","","200643","","171549","","","","171552","","838","","","228604","","","",""
"228603","838","species","Prevotella shahii","1","131567","2","68336","976","","200643","","171549","","","","171552","","838","","","228603","","","",""
"76122","838","species","Prevotella tannerae","1","131567","2","68336","976","","200643","","171549","","","","171552","","838","","","76122","","","",""
"28137","838","species","Prevotella veroralis","1","131567","2","68336","976","","200643","","171549","","","","171552","","838","","","28137","","","",""
"556499","1743","species","Propionibacterium acidifaciens","1","131567","2","","201174","","1760","85003","2037","","","85009","31957","","1743","","","556499","","","",""
"172042","32207","species","Rothia aeria","1","131567","2","","201174","","1760","85003","2037","","","85006","1268","","32207","","","172042","","","",""
"135079","970","species","Selenomonas dianae","1","131567","2","","1239","","909932","","909929","","","","31977","","970","","","135079","","","",""
"135082","970","species","Selenomonas infelix","1","131567","2","","1239","","909932","","909929","","","","31977","","970","","","135082","","","",""
"135083","970","species","Selenomonas noxia","1","131567","2","","1239","","909932","","909929","","","","31977","","970","","","135083","","","",""
"69823","970","species","Selenomonas sputigena","1","131567","2","","1239","","909932","","909929","","","","31977","","970","","","69823","","","",""
"177972","177971","species","Shuttleworthia satelles","1","131567","2","","1239","","186801","","186802","","","","186803","","177971","","","177972","","","",""
"102148","123375","species","Solobacterium moorei","1","131567","2","","1239","","526524","","526525","","","","128827","","123375","","","102148","","","",""
"59803","13687","species","Sphingomonas echinoides","1","131567","2","","1224","","28211","","204457","","","","41297","","13687","","","59803","","","",""
"301154","13687","species","Sphingomonas oligophenolica","1","131567","2","","1224","","28211","","204457","","","","41297","","13687","","","301154","","","",""
"327691","13687","species","Sphingomonas rhizogenes","1","131567","2","","1224","","28211","","204457","","","","41297","","13687","","","327691","","","",""
"1328","671232","species","Streptococcus anginosus","1","131567","2","","1239","","91061","","186826","","","","1300","","1301","","671232","1328","","","",""
"113107","1301","species","Streptococcus australis","1","131567","2","","1239","","91061","","186826","","","","1300","","1301","","","113107","","","",""
"76860","671232","species","Streptococcus constellatus","1","131567","2","","1239","","91061","","186826","","","","1300","","1301","","671232","76860","","","",""
"45634","1301","species","Streptococcus cristatus","1","131567","2","","1239","","91061","","186826","","","","1300","","1301","","","45634","","","",""
"1302","1301","species","Streptococcus gordonii","1","131567","2","","1239","","91061","","186826","","","","1300","","1301","","","1302","","","",""
"68892","1301","species","Streptococcus infantis","1","131567","2","","1239","","91061","","186826","","","","1300","","1301","","","68892","","","",""
"1338","671232","species","Streptococcus intermedius","1","131567","2","","1239","","91061","","186826","","","","1300","","1301","","671232","1338","","","",""
"684066","1301","species","Streptococcus lactarius","1","131567","2","","1239","","91061","","186826","","","","1300","","1301","","","684066","","","",""
"33040","1301","species","Streptococcus milleri","1","131567","2","","1239","","91061","","186826","","","","1300","","1301","","","33040","","","",""
"28037","1301","species","Streptococcus mitis","1","131567","2","","1239","","91061","","186826","","","","1300","","1301","","","28037","","","",""
"1309","1301","species","Streptococcus mutans","1","131567","2","","1239","","91061","","186826","","","","1300","","1301","","","1309","","","",""
"195041","1301","species","Streptococcus oligofermentans","1","131567","2","","1239","","91061","","186826","","","","1300","","1301","","","195041","","","",""
"1303","1301","species","Streptococcus oralis","1","131567","2","","1239","","91061","","186826","","","","1300","","1301","","","1303","","","",""
"1318","1301","species","Streptococcus parasanguinis","1","131567","2","","1239","","91061","","186826","","","","1300","","1301","","","1318","","","",""
"68891","1301","species","Streptococcus peroris","1","131567","2","","1239","","91061","","186826","","","","1300","","1301","","","68891","","","",""
"1313","1301","species","Streptococcus pneumoniae","1","131567","2","","1239","","91061","","186826","","","","1300","","1301","","","1313","","","",""
"257758","1301","species","Streptococcus pseudopneumoniae","1","131567","2","","1239","","91061","","186826","","","","1300","","1301","","","257758","","","",""
"1304","1301","species","Streptococcus salivarius","1","131567","2","","1239","","91061","","186826","","","","1300","","1301","","","1304","","","",""
"1305","1301","species","Streptococcus sanguinis","1","131567","2","","1239","","91061","","186826","","","","1300","","1301","","","1305","","","",""
"176090","1301","species","Streptococcus sinensis","1","131567","2","","1239","","91061","","186826","","","","1300","","1301","","","176090","","","",""
"1308","1301","species","Streptococcus thermophilus","1","131567","2","","1239","","91061","","186826","","","","1300","","1301","","","1308","","","",""
"28112","195950","species","Tannerella forsythia","1","131567","2","68336","976","","200643","","171549","","","","171551","","195950","","","28112","","","",""
"217202","217201","species","Terrahaemophilus aromaticivorans","1","131567","2","","1224","","1236","","135625","","","","712","","217201","","","217202","","","",""
"158","157","species","Treponema denticola","1","131567","2","","203691","","203692","","136","","","","137","","157","","","158","","","",""
"53418","157","species","Treponema lecithinolyticum","1","131567","2","","203691","","203692","","136","","","","137","","157","","","53418","","","",""
"58231","157","species","Treponema medium","1","131567","2","","203691","","203692","","136","","","","137","","157","","","58231","","","",""
"53419","157","species","Treponema socranskii","1","131567","2","","203691","","203692","","136","","","","137","","157","","","53419","","","",""
"69710","157","species","Treponema vincentii","1","131567","2","","203691","","203692","","136","","","","137","","157","","","69710","","","",""
"81947","2737","species","Vagococcus lutrae","1","131567","2","","1239","","91061","","186826","","","","81852","","2737","","","81947","","","",""
"39777","29465","species","Veillonella atypica","1","131567","2","","1239","","909932","","909929","","","","31977","","29465","","","39777","","","",""
"248316","29465","species","Veillonella caviae","1","131567","2","","1239","","909932","","909929","","","","31977","","29465","","","248316","","","",""
"419208","29465","species","Veillonella denticariosi","1","131567","2","","1239","","909932","","909929","","","","31977","","29465","","","419208","","","",""
"39778","29465","species","Veillonella dispar","1","131567","2","","1239","","909932","","909929","","","","31977","","29465","","","39778","","","",""
"29466","29465","species","Veillonella parvula","1","131567","2","","1239","","909932","","909929","","","","31977","","29465","","","29466","","","",""
"248315","29465","species","Veillonella rodentium","1","131567","2","","1239","","909932","","909929","","","","31977","","29465","","","248315","","","",""
"423477","29465","species","Veillonella rogosae","1","131567","2","","1239","","909932","","909929","","","","31977","","29465","","","423477","","","",""
"634176","732","below_species","Aggregatibacter aphrophilus NJ8700","1","131567","2","","1224","","1236","","135625","","","","712","","416916","","","732","634176","","",""
"521095","1382","below_species","Atopobium parvulum DSM 20469","1","131567","2","","201174","","1760","84998","84999","","","255727","84107","","1380","","","1382","521095","","",""
"360104","199","below_species","Campylobacter concisus 13826","1","131567","2","","1224","68525","29547","","213849","","","","72294","","194","","","199","360104","","",""
"521097","1018","below_species","Capnocytophaga ochracea DSM 7271","1","131567","2","68336","976","","117743","","200644","","","","49546","","1016","","","1018","521097","","",""
"592028","218538","below_species","Dialister invisus DSM 15470","1","131567","2","","1239","","909932","","909929","","","","31977","","39948","","","218538","592028","","",""
"546269","143361","below_species","Filifactor alocis ATCC 35896","1","131567","2","","1239","","186801","","186802","","","","186804","","44259","","","143361","546269","","",""
"523794","40542","below_species","Leptotrichia buccalis C-1013-b","1","131567","2","","32066","","203490","","203491","","","","203492","","32067","","","40542","523794","","",""
"634994","157688","below_species","Leptotrichia hofstadii F0254","1","131567","2","","32066","","203490","","203491","","","","203492","","32067","","","157688","634994","","",""
"1032488","607712","below_species","Neisseria shayeganii 871","1","131567","2","","1224","","28216","","206351","","","","481","","482","","","607712","1032488","","",""
"411465","33033","below_species","Parvimonas micra ATCC 33270","1","131567","2","","1239","","186801","","186802","538999","","","543310","543311","","","","33033","411465","","",""
"242619","837","below_species","Porphyromonas gingivalis W83","1","131567","2","68336","976","","200643","","171549","","","","171551","","836","","","837","242619","","",""
"767031","28129","below_species","Prevotella denticola F0289","1","131567","2","68336","976","","200643","","171549","","","","171552","","838","","","28129","767031","","",""
"553174","28132","below_species","Prevotella melaninogenica ATCC 25845","1","131567","2","68336","976","","200643","","171549","","","","171552","","838","","","28132","553174","","",""
"29390","1302","below_species","Streptococcus gordonii str. Challis","1","131567","2","","1239","","91061","","186826","","","","1300","","1301","","","1302","29390","","",""
"365659","28037","below_species","Streptococcus mitis B6","1","131567","2","","1239","","91061","","186826","","","","1300","","1301","","","28037","365659","","",""
"134262","28037","below_species","Streptococcus mitis bv. 2","1","131567","2","","1239","","91061","","186826","","","","1300","","1301","","","28037","134262","","",""
"511691","1309","below_species","Streptococcus mutans NN2025","1","131567","2","","1239","","91061","","186826","","","","1300","","1301","","","1309","511691","","",""
"210007","1309","below_species","Streptococcus mutans UA159","1","131567","2","","1239","","91061","","186826","","","","1300","","1301","","","1309","210007","","",""
"388919","1305","below_species","Streptococcus sanguinis SK36","1","131567","2","","1239","","91061","","186826","","","","1300","","1301","","","1305","388919","","",""
"322159","1308","below_species","Streptococcus thermophilus LMD-9","1","131567","2","","1239","","91061","","186826","","","","1300","","1301","","","1308","322159","","",""
"767463","1308","below_species","Streptococcus thermophilus ND03","1","131567","2","","1239","","91061","","186826","","","","1300","","1301","","","1308","767463","","",""
"243275","158","below_species","Treponema denticola ATCC 35405","1","131567","2","","203691","","203692","","136","","","","137","","157","","","158","243275","","",""
"479436","29466","below_species","Veillonella parvula DSM 2008","1","131567","2","","1239","","909932","","909929","","","","31977","","29465","","","29466","479436","","",""
"189727","851","below_species","unclassified Fusobacterium nucleatum","1","131567","2","","32066","","203490","","203491","","","","203492","","848","","","851","189727","","",""
"189726","189727","below_below_species","Fusobacterium nucleatum E9_12","1","131567","2","","32066","","203490","","203491","","","","203492","","848","","","851","189727","189726","",""
"467705","29390","below_below_species","Streptococcus gordonii str. Challis substr. CH1","1","131567","2","","1239","","91061","","186826","","","","1300","","1301","","","1302","29390","467705","",""
"768726","134262","below_below_species","Streptococcus mitis bv. 2 str. F0392","1","131567","2","","1239","","91061","","186826","","","","1300","","1301","","","28037","134262","768726","",""
"264029","39498","subspecies","Eubacterium yurii subsp. margaretiae","1","131567","2","","1239","","186801","","186802","","","","186806","","1730","","","39498","","","264029",""
"264030","39498","subspecies","Eubacterium yurii subsp. schtitka","1","131567","2","","1239","","186801","","186802","","","","186806","","1730","","","39498","","","264030",""
"264028","39498","subspecies","Eubacterium yurii subsp. yurii","1","131567","2","","1239","","186801","","186802","","","","186806","","1730","","","39498","","","264028",""
"76859","851","subspecies","Fusobacterium nucleatum subsp. animalis","1","131567","2","","32066","","203490","","203491","","","","203492","","848","","","851","","","76859",""
"76858","851","subspecies","Fusobacterium nucleatum subsp. fusiforme","1","131567","2","","32066","","203490","","203491","","","","203492","","848","","","851","","","76858",""
"76856","851","subspecies","Fusobacterium nucleatum subsp. nucleatum","1","131567","2","","32066","","203490","","203491","","","","203492","","848","","","851","","","76856",""
"76857","851","subspecies","Fusobacterium nucleatum subsp. polymorphum","1","131567","2","","32066","","203490","","203491","","","","203492","","848","","","851","","","76857",""
"155615","851","subspecies","Fusobacterium nucleatum subsp. vincentii","1","131567","2","","32066","","203490","","203491","","","","203492","","848","","","851","","","155615",""
"88719","495","subspecies","Neisseria elongata subsp. glycolytica","1","131567","2","","1224","","28216","","206351","","","","481","","482","","","495","","","88719",""
"184246","76860","subspecies","Streptococcus constellatus subsp. constellatus","1","131567","2","","1239","","91061","","186826","","","","1300","","1301","","671232","76860","","","184246",""
"184250","76860","subspecies","Streptococcus constellatus subsp. pharyngis","1","131567","2","","1239","","91061","","186826","","","","1300","","1301","","671232","76860","","","184250",""
"409323","58231","subspecies","Treponema medium subsp. bovis","1","131567","2","","203691","","203692","","136","","","","137","","157","","","58231","","","409323",""
"69716","53419","subspecies","Treponema socranskii subsp. '04'","1","131567","2","","203691","","203692","","136","","","","137","","157","","","53419","","","69716",""
"69713","53419","subspecies","Treponema socranskii subsp. buccale","1","131567","2","","203691","","203692","","136","","","","137","","157","","","53419","","","69713",""
"69714","53419","subspecies","Treponema socranskii subsp. paredis","1","131567","2","","203691","","203692","","136","","","","137","","157","","","53419","","","69714",""
"69715","53419","subspecies","Treponema socranskii subsp. socranskii","1","131567","2","","203691","","203692","","136","","","","137","","157","","","53419","","","69715",""
"190304","76856","below_subspecies","Fusobacterium nucleatum subsp. nucleatum ATCC 25586","1","131567","2","","32066","","203490","","203491","","","","203492","","848","","","851","","","76856","190304"
"393480","76857","below_subspecies","Fusobacterium nucleatum subsp. polymorphum ATCC 10953","1","131567","2","","32066","","203490","","203491","","","","203492","","848","","","851","","","76857","393480"
"693991","76857","below_subspecies","Fusobacterium nucleatum subsp. polymorphum F0401","1","131567","2","","32066","","203490","","203491","","","","203492","","848","","","851","","","76857","693991"
